date,industrials_finbert_pit_zscore,industrials_lexical_pit_zscore,^SP500-20,sp500_20_norm100,sp500_20_weekly_pct_change,sp500_20_monthly_pct_change,sp500_20_daily_pct_change,sp500_20_daily_log_change
2024-01-01,0.0,0.0,,,,,,
2024-01-02,0.0,0.0,955.5800170898438,100.0,,,,
2024-01-03,0.0,0.0,941.1599731445312,98.49096426385853,,,-1.509035736141473,-1.5205375379652608
2024-01-04,0.0,0.0,942.0599975585938,98.58515045423152,,,0.09562927023505363,0.09558357457839506
2024-01-05,0.0,0.0,944.0,98.7881687684188,,,0.2059319413236782,0.20572019215761017
2024-01-06,0.0,0.0,944.0,98.7881687684188,,,0.0,0.0
2024-01-07,0.0,0.0,944.0,98.7881687684188,,,0.0,0.0
2024-01-08,0.0,0.0,949.5,99.36373542967547,,,0.5826271186440746,0.5809364106839965
2024-01-09,0.0,0.0,947.2000122070312,99.12304519423363,,,-0.24223146845379073,-0.24252532351081157
2024-01-10,0.0,0.0,951.739990234375,99.5981470115749,,,0.47930510650704417,0.4781600968502886
2024-01-11,0.0,0.0,949.8300170898438,99.39827121777711,,,-0.20068224138201085,-0.2008838780031219
2024-01-12,0.0,0.0,949.4099731445312,99.35431425574355,0.5730903754800121,,-0.04422306494371586,-0.04423284622490087
2024-01-13,0.0,0.0,949.4099731445312,99.35431425574355,0.5730903754800121,,0.0,0.0
2024-01-14,0.0,0.0,949.4099731445312,99.35431425574355,0.5730903754800121,,0.0,0.0
2024-01-15,0.0,0.0,949.4099731445312,99.35431425574355,0.5730903754800121,,0.0,0.0
2024-01-16,0.0,0.0,940.1099853515625,98.38108463324775,0.5730903754800121,,-0.9795544660402444,-0.9843836630886393
2024-01-17,0.0,0.0,933.8099975585938,97.72180046234651,0.5730903754800121,,-0.6701330579541476,-0.6723885316280764
2024-01-18,0.0,0.0,946.3300170898438,99.03200152425013,0.5730903754800121,,1.340745929469911,1.3318374694413215
2024-01-19,0.0,0.0,952.1199951171875,99.63791394642246,0.28544275384851936,,0.6118349754083763,0.6099708648787505
2024-01-20,0.0,0.0,952.1199951171875,99.63791394642246,0.28544275384851936,,0.0,0.0
2024-01-21,0.0,0.0,952.1199951171875,99.63791394642246,0.28544275384851936,,0.0,0.0
2024-01-22,0.0,0.0,959.1799926757812,100.37673198701884,0.28544275384851936,,0.741502919253878,0.7387673011596263
2024-01-23,0.0,0.0,958.6199951171875,100.31812909154398,0.28544275384851936,,-0.05838294823389267,-0.05839999771346527
2024-01-24,0.0,0.0,952.4600219726562,99.6734972413206,0.28544275384851936,,-0.642587592154098,-0.6446610736180247
2024-01-25,0.0,0.0,961.739990234375,100.64463185022339,0.28544275384851936,,0.9743157767922783,0.9695999273953149
2024-01-26,0.0,0.0,960.3699951171875,100.50126393830747,0.866487421996065,,-0.14244963619051143,-0.14255119214023892
2024-01-27,0.9518699653285492,-1.132576878809119,960.3699951171875,100.50126393830747,0.866487421996065,,0.0,0.0
2024-01-28,0.8723558047937081,-1.0219278430696348,960.3699951171875,100.50126393830747,0.866487421996065,,0.0,0.0
2024-01-29,0.8099301468798791,-0.938437983074422,966.469970703125,101.13961713498843,0.866487421996065,,0.6351693219229793,0.6331606228585862
2024-01-30,0.2981252216857716,-1.5165071698837926,966.9199829101562,101.18671023017494,0.866487421996065,,0.046562461397936517,0.04655162444766603
2024-01-31,0.5059468111666976,0.2685968236236561,955.8599853515625,100.02929825411914,0.866487421996065,,-1.1438379342731397,-1.150430077540232
2024-02-01,1.0707190742020625,1.894856353565617,972.1199951171875,101.73088362371946,0.866487421996065,,1.7010869808138818,1.6867805119569645
2024-02-02,1.0203742976545214,1.6296063428316925,978.4400024414062,102.3922628082137,1.8815672517979776,,0.6501262556025234,0.648022049933239
2024-02-03,0.9609199902731728,1.4702776619317264,978.4400024414062,102.3922628082137,1.8815672517979776,,0.0,0.0
2024-02-04,0.910777892215666,1.3500817569728207,978.4400024414062,102.3922628082137,1.8815672517979776,,0.0,0.0
2024-02-05,0.8435003344862018,1.1410318739028924,973.1799926757812,101.84181076112675,1.8815672517979776,,-0.5375914468439769,-0.5390416695131073
2024-02-06,0.7121266960487749,0.8819812365913628,981.8499755859375,102.74911132780875,1.8815672517979776,,0.89089202155892,0.8869469919118522
2024-02-07,0.7468683097023954,1.9437253923395093,988.1699829101562,103.410490512303,1.8815672517979776,,0.6436836055780493,0.6416208098442233
2024-02-08,0.6975245112075026,1.5327763249055,988.7000122070312,103.46595727462493,1.8815672517979776,,0.05363746177697859,0.0536230820322281
2024-02-09,0.6750893998177263,1.4279278168842016,989.8499755859375,103.58629919872754,1.166139274361333,,0.11631064677941616,0.11624305834994075
2024-02-10,0.6546885596799974,1.3420175828664895,989.8499755859375,103.58629919872754,1.166139274361333,,0.0,0.0
2024-02-11,0.6360320514781016,1.2699547205011434,989.8499755859375,103.58629919872754,1.166139274361333,,0.0,0.0
2024-02-12,0.7088468996053165,1.653726137911376,991.0700073242188,103.7139736704057,1.166139274361333,,0.12325420703871437,0.12317831139752045
2024-02-13,0.7314399454075975,1.5356663264234538,981.0399780273438,102.6643463113677,1.166139274361333,,-1.0120404434349695,-1.0171963890647895
2024-02-14,0.7114945611074848,1.4482389588128823,997.4400024414062,104.38058400164587,1.166139274361333,,1.6716978697483231,1.6578787970183306
2024-02-15,0.7131892540702619,1.0560202679182304,1004.3099975585938,105.09951857481845,1.166139274361333,,0.6887627426584109,0.6864016076255197
2024-02-16,0.6953322510536253,1.0194950043093376,998.280029296875,104.46849153847641,0.851649635688223,,-0.6004090645694182,-0.6022187671751666
2024-02-17,0.6787527271337551,0.9865151179268268,998.280029296875,104.46849153847641,0.851649635688223,,0.0,0.0
2024-02-18,0.663305286726026,0.9565418240868268,998.280029296875,104.46849153847641,0.851649635688223,,0.0,0.0
2024-02-19,0.6488666945723853,0.9291444135271772,998.280029296875,104.46849153847641,0.851649635688223,,0.0,0.0
2024-02-20,0.6353317140965101,0.9039738870959276,994.739990234375,104.09803181776344,0.851649635688223,,-0.3546138316513625,-0.35524407689830895
2024-02-21,0.62260986277444,0.8807440482045805,998.9000244140625,104.53337308749371,0.851649635688223,,0.41820317073080204,0.4173311316885808
2024-02-22,0.6167829971759218,0.8009357153235367,1011.010009765625,105.80066469416028,0.851649635688223,,1.2123320708362195,1.2050421848614157
2024-02-23,0.6052872804346754,0.7832771568795749,1016.0499877929688,106.32809075343394,1.7800574963529714,,0.4985092114480727,0.49727076840833107
2024-02-24,0.5944112756062466,0.7667373313236854,1016.0499877929688,106.32809075343394,1.7800574963529714,,0.0,0.0
2024-02-25,0.5841012324907626,0.7512028916519021,1016.0499877929688,106.32809075343394,1.7800574963529714,,0.0,0.0
2024-02-26,0.5743097091091397,0.7365759432552687,1014.9000244140625,106.20774882933131,1.7800574963529714,,-0.11317980342721023,-0.11324390013429664
2024-02-27,0.5776234389549593,0.7192556604012682,1016.0700073242188,106.33018576702695,1.7800574963529714,,0.11528060715455535,0.11521421008637844
2024-02-28,0.5684521124409513,0.4294717292651449,1019.0700073242188,106.64413121862151,1.7800574963529714,,0.2952552460337321,0.29482022380573625
2024-02-29,0.5597042154657661,0.4235410900500275,1022.5599975585938,107.00935340535199,1.7800574963529714,6.978010715920835,0.3424681532467666,0.34188306651019573
2024-03-01,0.5513481376750557,0.4178495460708921,1026.199951171875,107.39026903232025,0.9989629940307942,6.978010715920835,0.3559647963906176,0.35533274119448066
2024-03-02,0.5433554767715666,0.4123814520555358,1026.199951171875,107.39026903232025,0.9989629940307942,6.978010715920835,0.0,0.0
2024-03-03,0.5357006316975044,0.4071225594669119,1026.199951171875,107.39026903232025,0.9989629940307942,6.978010715920835,0.0,0.0
2024-03-04,0.528360457143947,0.4020598601660664,1030.1400146484375,107.80259070147378,0.9989629940307942,6.978010715920835,0.38394695615247,0.383211761065283
2024-03-05,0.521313968752585,0.3971814509440207,1021.6199951171875,106.91098357502955,0.9989629940307942,6.978010715920835,-0.8270739326787235,-0.8305131655898634
2024-03-06,0.5145420904477972,0.3924764157083066,1026.68994140625,107.44154576745618,0.9989629940307942,6.978010715920835,0.4962653739447376,0.4950380362310547
2024-03-07,0.5080274369633616,0.3879347226678818,1035.1800537109375,108.33002314798404,0.9989629940307942,6.978010715920835,0.8269402438148665,0.8235398263989779
2024-03-08,0.501754125913154,0.3835471343108909,1032.449951171875,108.04432205647556,0.6090431005052022,6.978010715920835,-0.2637321429519002,-0.26408052883990507
2024-03-09,0.4957076147767079,0.3793051283356857,1032.449951171875,108.04432205647556,0.6090431005052022,6.978010715920835,0.0,0.0
2024-03-10,0.4898745589877522,0.3752008279941197,1032.449951171875,108.04432205647556,0.6090431005052022,6.978010715920835,0.0,0.0
2024-03-11,0.4842426879713369,0.3712269405510217,1027.02001953125,107.47608794279438,0.6090431005052022,6.978010715920835,-0.525926863036974,-0.5273147266001033
2024-03-12,0.4788006965069481,0.3673767027653984,1031.68994140625,107.96478818678044,0.6090431005052022,6.978010715920835,0.454706021907092,0.4536753572238261
2024-03-13,0.4735381492274885,0.3636438324657374,1034.199951171875,108.22745690323904,0.6090431005052022,6.978010715920835,0.24329109598604237,0.24299562234277872
2024-03-14,0.4684453964173674,0.3600224854304185,1029.7099609375,107.75758623264373,0.6090431005052022,6.978010715920835,-0.43415107777633466,-0.4350962502108757
2024-03-15,0.4759775419310945,0.4882573313151899,1030.5400390625,107.84445264991436,-0.18498834807509912,6.978010715920835,0.0806128090908409,0.08058033441722401
2024-03-16,0.471023119136299,0.4831267978436873,1030.5400390625,107.84445264991436,-0.18498834807509912,6.978010715920835,0.0,0.0
2024-03-17,0.4662202547994206,0.4781546707925145,1030.5400390625,107.84445264991436,-0.18498834807509912,6.978010715920835,0.0,0.0
2024-03-18,0.4615613761376495,0.4733329630343996,1032.260009765625,108.02444497628834,-0.18498834807509912,6.978010715920835,0.16689993963647787,0.16676081646336272
2024-03-19,0.4570394297316584,0.4686542401192631,1040.77001953125,108.91500459593605,-0.18498834807509912,6.978010715920835,0.8244056424850932,0.8210259812086562
2024-03-20,0.4526478366086056,0.4641115720570852,1053.4000244140625,110.23671545812806,-0.18498834807509912,6.978010715920835,1.2135250483580329,1.2062208658251805
2024-03-21,0.4677823837346309,0.4676928600372937,1063.93994140625,111.33970179142185,-0.18498834807509912,6.978010715920835,1.0005616810242701,0.9955892035964808
2024-03-22,0.4633907709684978,0.4633023851957433,1060.31005859375,110.95984005848665,2.8887785435617097,6.978010715920835,-0.34117365757527773,-0.34175698204261806
2024-03-23,0.4591205677328621,0.459033280354177,1060.31005859375,110.95984005848665,2.8887785435617097,6.978010715920835,0.0,0.0
2024-03-24,0.454966281088528,0.4548800547204488,1060.31005859375,110.95984005848665,2.8887785435617097,6.978010715920835,0.0,0.0
2024-03-25,0.4509227598406182,0.4508375590912417,1053.050048828125,110.20009104366999,2.8887785435617097,6.978010715920835,-0.6847062995190001,-0.6870611685489969
2024-03-26,0.4469851676792106,0.4469009590066097,1049.219970703125,109.79927917480481,2.8887785435617097,6.978010715920835,-0.3637128291539615,-0.3643758724683366
2024-03-27,0.3531818843228767,0.3772745010493279,1066.0,111.55528379993054,2.8887785435617097,6.978010715920835,1.5992861140100123,1.58663226946949
2024-03-28,0.3503782193779206,0.3742332856387492,1066.7099609375,111.6295801356432,2.8887785435617097,6.978010715920835,0.06660046318012203,0.06657829491389933
2024-03-29,0.3476402806321175,0.3712644499407462,1066.7099609375,111.6295801356432,0.603587817721718,6.978010715920835,0.0,0.0
2024-03-30,0.3449655395501674,0.3683651677540075,1066.7099609375,111.6295801356432,0.603587817721718,6.978010715920835,0.0,0.0
2024-03-31,0.3423516017186334,0.3655327649988494,1066.7099609375,111.6295801356432,0.603587817721718,4.317591484540384,0.0,0.0
2024-04-01,0.3397961978354888,0.3627647093490975,1058.31005859375,110.75054309075693,0.603587817721718,4.317591484540384,-0.787458883047043,-0.7905757137992353
2024-04-02,0.3181940986509516,0.2258414453815487,1052.800048828125,110.17392892270377,0.603587817721718,4.317591484540384,-0.5206422938988764,-0.5220023586586464
2024-04-03,0.3159135213681295,0.2242958760917111,1058.2099609375,110.74006802279195,0.603587817721718,4.317591484540384,0.5138594090489335,0.5125436570729391
2024-04-04,0.3136812879244996,0.2227816103743122,1049.1400146484375,109.79091189490595,0.603587817721718,4.317591484540384,-0.8571027134376186,-0.8607969628992684
2024-04-05,0.3114957141139651,0.2212976056083605,1064.1199951171875,111.3585441392857,-0.2427994408185974,4.317591484540384,1.427834250871629,1.4177367016391607
2024-04-06,0.3093551967463887,0.2198428671508988,1064.1199951171875,111.3585441392857,-0.2427994408185974,4.317591484540384,0.0,0.0
2024-04-07,0.3072582087048701,0.2184164455352215,1064.1199951171875,111.3585441392857,-0.2427994408185974,4.317591484540384,0.0,0.0
2024-04-08,0.305203294366682,0.2170174338665251,1061.8399658203125,111.1199425302003,-0.2427994408185974,4.317591484540384,-0.21426430358767456,-0.214494177964486
2024-04-09,0.3031890653566154,0.2156449653987164,1059.469970703125,110.87192613441952,-0.2427994408185974,4.317591484540384,-0.22319701588521257,-0.2234464716790896
2024-04-10,0.3012141966046212,0.2142982112777161,1050.5999755859375,109.94369459351722,-0.2427994408185974,4.317591484540384,-0.8372106206371188,-0.8407349130390429
2024-04-11,0.3411084336254851,0.0532281690099595,1051.7099609375,110.05985287767044,-0.2427994408185974,4.317591484540384,0.1056525202128844,0.10559674721797307
2024-04-12,0.338890270416698,0.0529169263746544,1040.47998046875,108.88465244778386,-2.2215553468511007,4.317591484540384,-1.0677830281972,-1.0735247404374704
2024-04-13,0.3367148248154131,0.0526110804714059,1040.47998046875,108.88465244778386,-2.2215553468511007,4.317591484540384,0.0,0.0
2024-04-14,0.3345807430927325,0.0523104771222468,1040.47998046875,108.88465244778386,-2.2215553468511007,4.317591484540384,0.0,0.0
2024-04-15,0.3324867308282387,0.0520149682461326,1032.9200439453125,108.09351655249162,-2.2215553468511007,4.317591484540384,-0.7265816416796023,-0.7292341020930238
2024-04-16,0.3304315496105059,0.0517244115523817,1030.8900146484375,107.88107706437242,-2.2215553468511007,4.317591484540384,-0.19653305294775603,-0.19672643256365419
2024-04-17,0.3517735034076852,0.4203458889442584,1025.06005859375,107.27098100225068,-2.2215553468511007,4.317591484540384,-0.5655264840910945,-0.5671316396928638
2024-04-18,0.3496214171914555,0.4176542878577991,1021.4500122070312,106.89319512119877,-2.2215553468511007,4.317591484540384,-0.35217901199576795,-0.35280062216100916
2024-04-19,0.3475083519832121,0.4150137387066339,1019.510009765625,106.6901768070115,-2.0154131839882017,4.317591484540384,-0.189926322210765,-0.19010691094338839
2024-04-20,0.3454331426635431,0.4124226477848651,1019.510009765625,106.6901768070115,-2.0154131839882017,4.317591484540384,0.0,0.0
2024-04-21,0.3433946722431213,0.4098794901797855,1019.510009765625,106.6901768070115,-2.0154131839882017,4.317591484540384,0.0,0.0
2024-04-22,0.3413918693362414,0.4073828060004563,1027.1400146484375,107.48864524987924,-2.0154131839882017,4.317591484540384,0.7483992123399119,0.7456126001208041
2024-04-23,0.5643291244893699,0.9587783415895564,1041.56005859375,108.9976809860207,-2.0154131839882017,4.317591484540384,1.4039024611701256,1.3941390238787932
2024-04-24,0.2148682282228458,0.215025304390837,1033.3299560546875,108.13641323325555,-2.0154131839882017,4.317591484540384,-0.7901707127838886,-0.7933091049300067
2024-04-25,-0.0886632796961364,0.7633053114994466,1036.2900390625,108.44618143213725,-2.0154131839882017,4.317591484540384,0.28646058216625914,0.2860510657229476
2024-04-26,-0.0882153821147301,0.7572763211963276,1038.0699462890625,108.6324460248171,1.8204761449771567,4.317591484540384,0.17175763149983592,0.1716102967615818
2024-04-27,-0.0877742045585138,0.7513879711222654,1038.0699462890625,108.6324460248171,1.8204761449771567,4.317591484540384,0.0,0.0
2024-04-28,-0.0873395806512733,0.7456348770229673,1038.0699462890625,108.6324460248171,1.8204761449771567,4.317591484540384,0.0,0.0
2024-04-29,-0.0869113497271318,0.7400119388765007,1045.239990234375,109.38278025293839,1.8204761449771567,4.317591484540384,0.6907091348655525,0.6883346668288048
2024-04-30,0.1209526426887697,1.1802515800157565,1028.0899658203125,107.5880561997616,1.8204761449771567,-3.6204775929199684,-1.6407738485222811,-1.6543836183475769
2024-05-01,-0.0217245007989425,0.6448031882740095,1025.93994140625,107.36305940455753,1.8204761449771567,-3.6204775929199684,-0.2091280418583752,-0.20934701989743232
2024-05-02,0.1448803432009813,1.0500376558749325,1031.7099609375,107.96688320037342,1.8204761449771567,-3.6204775929199684,0.5624129930394517,0.5608373561297064
2024-05-03,0.1441876009843494,1.0397759757388425,1038.969970703125,108.72663221519008,0.08670171189137932,-3.6204775929199684,0.7036870865362088,0.7012227629546786
2024-05-04,0.143504701673212,1.0298093848783014,1038.969970703125,108.72663221519008,0.08670171189137932,-3.6204775929199684,0.0,0.0
2024-05-05,0.1428314143638804,1.0201240062644097,1038.969970703125,108.72663221519008,0.08670171189137932,-3.6204775929199684,0.0,0.0
2024-05-06,0.1482917814963132,0.7542849833068584,1049.4100341796875,109.81916902946516,0.08670171189137932,-3.6204775929199684,1.0048474711446431,0.9998324465263941
2024-05-07,0.1787855403823316,0.8745397526264221,1051.97998046875,110.08811001222965,0.08670171189137932,-3.6204775929199684,0.24489438878592118,0.24459501115075
2024-05-08,-0.1244139928698843,-0.8634200213852643,1052.27001953125,110.11846216038185,0.08670171189137932,-3.6204775929199684,0.027570777760499432,0.02756697772001715
2024-05-09,-0.1238537826167295,-0.856769554884386,1062.0,111.13668986447114,0.08670171189137932,-3.6204775929199684,0.9246657500595168,0.9204168880772023
2024-05-10,-0.1233010723763828,-0.8502704334446616,1062.8399658203125,111.22459101406514,2.2974672791585604,-3.6204775929199684,0.07909282677143192,0.07906156487802463
2024-05-11,-0.1227556962802598,-0.8439170025190113,1062.8399658203125,111.22459101406514,2.2974672791585604,-3.6204775929199684,0.0,0.0
2024-05-12,-0.1222174935503957,-0.8377038989787381,1062.8399658203125,111.22459101406514,2.2974672791585604,-3.6204775929199684,0.0,0.0
2024-05-13,-0.1216863083003199,-0.8316260320836397,1058.0400390625,110.72228595619774,2.2974672791585604,-3.6204775929199684,-0.4516133107685505,-0.4526361644047405
2024-05-14,-0.1211619893453627,-0.8256785659492469,1058.010009765625,110.71914343580825,2.2974672791585604,-3.6204775929199684,-0.0028382004240268266,-0.002838240701663608
2024-05-15,-0.1206443900218844,-0.8198569033739063,1064.6700439453125,111.41610591520062,2.2974672791585604,-3.6204775929199684,0.6294868780270635,0.627513884872144
2024-05-16,-0.406068832299329,-0.6436762260945482,1057.72998046875,110.68983879445253,2.2974672791585604,-3.6204775929199684,-0.6518511078648315,-0.6539849351716143
2024-05-17,-0.4041121239074166,-0.6399162483994736,1059.010009765625,110.82379191967308,-0.3603511514296054,-3.6204775929199684,0.12101664134618328,0.1209434752316163
2024-05-18,-0.4021834317694363,-0.6362214008965895,1059.010009765625,110.82379191967308,-0.3603511514296054,-3.6204775929199684,0.0,0.0
2024-05-19,-0.4002820936405981,-0.6325898247370624,1059.010009765625,110.82379191967308,-0.3603511514296054,-3.6204775929199684,0.0,0.0
2024-05-20,-0.3984074689866065,-0.6290197345075857,1060.800048828125,111.01111679362256,-0.3603511514296054,-3.6204775929199684,0.16902947526400425,0.16888678122048972
2024-05-21,-0.3965589380770468,-0.6255094145419555,1057.280029296875,110.64275208650261,-0.3603511514296054,-3.6204775929199684,-0.331826863614737,-0.33237862989583533
2024-05-22,-0.3947359011246359,-0.6220572154565915,1058.9000244140625,110.81228211938475,-0.3603511514296054,-3.6204775929199684,0.15322289954391444,0.15310563303003732
2024-05-23,-0.3929377774675909,-0.6186615508940534,1046.02001953125,109.46440913622652,-0.3603511514296054,-3.6204775929199684,-1.2163570295448456,-1.2238151919537366
2024-05-24,-0.391164004792606,-0.6153208944600467,1051.77001953125,110.06613791844941,-0.6836564496663589,-3.6204775929199684,0.5497026722850684,0.5481973212623004
2024-05-25,-0.389414038396061,-0.6120337768403532,1051.77001953125,110.06613791844941,-0.6836564496663589,-3.6204775929199684,0.0,0.0
2024-05-26,-0.3876873504812691,-0.6087987830854729,1051.77001953125,110.06613791844941,-0.6836564496663589,-3.6204775929199684,0.0,0.0
2024-05-27,-0.3859834294897155,-0.6056145500514399,1051.77001953125,110.06613791844941,-0.6836564496663589,-3.6204775929199684,0.0,0.0
2024-05-28,-0.3843017794643024,-0.6024797639863693,1038.5,108.67745049364717,-0.6836564496663589,-3.6204775929199684,-1.2616845208388905,-1.2697113469387844
2024-05-29,-0.3826419194429115,-0.599393158253017,1023.719970703125,107.13074283625113,-0.6836564496663589,-3.6204775929199684,-1.4232093689817038,-1.4334341225618275
2024-05-30,-0.3810033828804661,-0.5963535111783971,1030.9200439453125,107.88421958476191,-0.6836564496663589,-3.6204775929199684,0.7033244879693257,0.7008626974693399
2024-05-31,-0.3793857170980398,-0.5933596440221428,1042.8800048828125,109.13581136395413,-0.8452432074836591,1.4385938540601328,1.16012497843474,1.153447126600149
2024-06-01,-0.3777884827574395,-0.5904104190559489,1042.8800048828125,109.13581136395413,-0.8452432074836591,1.4385938540601328,0.0,0.0
2024-06-02,-0.3762112533599402,-0.587504737746985,1042.8800048828125,109.13581136395413,-0.8452432074836591,1.4385938540601328,0.0,0.0
2024-06-03,-0.3746536147678495,-0.5846415390387069,1029.989990234375,107.78689087399944,-0.8452432074836591,1.4385938540601328,-1.236001705669476,-1.2437037373837612
2024-06-04,-0.3731151647476583,-0.5818197977229248,1027.5999755859375,107.53677946462565,-0.8452432074836591,1.4385938540601328,-0.23204251216981664,-0.23231214800096822
2024-06-05,-0.3715955125336997,-0.5790385228974877,1037.9100341796875,108.61571146501939,-0.8452432074836591,1.4385938540601328,1.0033144062572719,0.9983146218274896
2024-06-06,-0.3700942784111549,-0.5762967565043038,1031.699951171875,107.96583569357692,-0.8452432074836591,1.4385938540601328,-0.5983257511062212,-0.6001228917174473
2024-06-07,-0.3686110933174817,-0.573593571942792,1032.739990234375,108.07467420462777,-0.9723088563364457,1.4385938540601328,0.1008082884290884,0.10075751099636321
2024-06-08,-0.3671455984612434,-0.5709280727542012,1032.739990234375,108.07467420462777,-0.9723088563364457,1.4385938540601328,0.0,0.0
2024-06-09,-0.3656974449574981,-0.5682993913725706,1032.739990234375,108.07467420462777,-0.9723088563364457,1.4385938540601328,0.0,0.0
2024-06-10,-0.3642662934788668,-0.565706687938412,1035.77001953125,108.39176217661182,-0.9723088563364457,1.4385938540601328,0.2933971111341638,0.2929675418342548
2024-06-11,-0.3628518139215209,-0.5631491491712981,1030.1800537109375,107.80678072865979,-0.9723088563364457,1.4385938540601328,-0.5396917959492931,-0.5411533932414336
2024-06-12,-0.3614536850853134,-0.5606259872981215,1039.719970703125,108.80511857808872,-0.9723088563364457,1.4385938540601328,0.9260436520608817,0.9217821565030704
2024-06-13,-0.3600715943673764,-0.5581364390336319,1033.0400390625,108.10607385957647,-0.9723088563364457,1.4385938540601328,-0.6424741111885734,-0.6445468587870096
2024-06-14,-0.3587052374685001,-0.5556797646103655,1022.3499755859375,106.98737492433519,-1.006062972934707,1.4385938540601328,-1.0348159870225304,-1.0402074342822587
2024-06-15,-0.3573543181116793,-0.5532552468551252,1022.3499755859375,106.98737492433519,-1.006062972934707,1.4385938540601328,0.0,0.0
2024-06-16,-0.3560185477722291,-0.550862190309406,1022.3499755859375,106.98737492433519,-1.006062972934707,1.4385938540601328,0.0,0.0
2024-06-17,-0.3546976454189244,-0.5484999203913139,1033.3499755859375,108.13850824684856,-1.006062972934707,1.4385938540601328,1.0759524881580385,1.0702053072456863
2024-06-18,-0.353391337265612,-0.5461677825966673,1039.050048828125,108.73501226956208,-1.006062972934707,1.4385938540601328,0.5516111072587426,0.5500953048586332
2024-06-19,-0.3520993565328252,-0.5438651417371712,1039.050048828125,108.73501226956208,-1.006062972934707,1.4385938540601328,0.0,0.0
2024-06-20,-0.3508214432189115,-0.5415913812136097,1039.6199951171875,108.79465628459685,-1.006062972934707,1.4385938540601328,0.054852630987833884,0.05483759243132269
2024-06-21,0.0733557051809373,0.1728107293821837,1038.1700439453125,108.64292109278209,1.5474219921908894,1.4385938540601328,-0.1394693425179394,-0.13956669153074586
2024-06-22,0.0731204620302942,0.1722431168611541,1038.1700439453125,108.64292109278209,1.5474219921908894,1.4385938540601328,0.0,0.0
2024-06-23,0.0728874676520374,0.1716810609720124,1038.1700439453125,108.64292109278209,1.5474219921908894,1.4385938540601328,0.0,0.0
2024-06-24,0.0726566864449724,0.1711244716415445,1041.9200439453125,109.03535290727527,1.5474219921908894,1.4385938540601328,0.36121250289105067,0.3605616972532921
2024-06-25,-0.0033183841877428,0.0369558786104033,1033.1500244140625,108.11758365986483,1.5474219921908894,1.4385938540601328,-0.841717133883102,-0.8452795770989674
2024-06-26,0.0379501414272629,0.0863324205397559,1030.6600341796875,107.8570099569992,1.5474219921908894,1.4385938540601328,-0.24100955093981913,-0.24130044644268267
2024-06-27,0.0378326618751134,0.0860635701957002,1031.1300048828125,107.90619167854214,1.5474219921908894,1.4385938540601328,0.04559900331237987,0.04558861012622373
2024-06-28,0.0377162666307253,0.0857972160133303,1031.9599609375,107.99304532133964,-0.5981759003768405,1.4385938540601328,0.08048995284370974,0.08045757705277268
2024-06-29,0.0376009391162473,0.0855333196038682,1031.9599609375,107.99304532133964,-0.5981759003768405,1.4385938540601328,0.0,0.0
2024-06-30,0.037486663106515,0.0852718434000048,1031.9599609375,107.99304532133964,-0.5981759003768405,-1.0471045464659712,0.0,0.0
2024-07-01,0.037373422719458,0.0850127506334779,1020.6199951171875,106.80633509116471,-0.5981759003768405,-1.0471045464659712,-1.098876531024573,-1.1049587778086511
2024-07-02,0.037261202406826,0.0847560053133067,1026.219970703125,107.39236404591324,-0.5981759003768405,-1.0471045464659712,0.548683703310604,0.5471839178304627
2024-07-03,0.0371499869452297,0.084501572204829,1030.3499755859375,107.82456279525401,-0.5981759003768405,-1.0471045464659712,0.40244830550146826,0.40164064851788694
2024-07-04,0.0370397614274501,0.0842494168093785,1030.3499755859375,107.82456279525401,-0.5981759003768405,-1.0471045464659712,0.0,0.0
2024-07-05,0.0369305112540642,0.0839995053446204,1026.219970703125,107.39236404591324,-0.5562221841592052,-1.0471045464659712,-0.4008351512275077,-0.40164064851788694
2024-07-06,0.0368222221253097,0.0837518047255648,1026.219970703125,107.39236404591324,-0.5562221841592052,-1.0471045464659712,0.0,0.0
2024-07-07,0.036714880033227,0.0835062825461402,1026.219970703125,107.39236404591324,-0.5562221841592052,-1.0471045464659712,0.0,0.0
2024-07-08,0.0366084712540496,0.0832629070614235,1027.5400390625,107.5305071983198,-0.5562221841592052,-1.0471045464659712,0.1286340547894893,0.12855139206990884
2024-07-09,0.0365029823408278,0.0830216471703524,1022.8800048828125,107.04284168665711,-0.5562221841592052,-1.0471045464659712,-0.45351363475230055,-0.4545451276589674
2024-07-10,0.0363984001162976,0.0827824723990744,1032.0799560546875,108.0056026284245,-0.5562221841592052,-1.0471045464659712,0.8994164640972802,0.8953958045505139
2024-07-11,0.0362947116659677,0.0825453528847403,1045.1300048828125,109.37127045265005,-0.5562221841592052,-1.0471045464659712,1.264441650239112,1.2565143409963397
2024-07-12,-0.0597023710461695,0.1879163982481469,1050.6700439453125,109.95102714109271,2.382537266882001,-1.0471045464659712,0.5300813330989529,0.5286813471970575
2024-07-13,-0.0595338354877463,0.1873692150159319,1050.6700439453125,109.95102714109271,2.382537266882001,-1.0471045464659712,0.0,0.0
2024-07-14,-0.0593667192099148,0.186826784051266,1050.6700439453125,109.95102714109271,2.382537266882001,-1.0471045464659712,0.0,0.0
2024-07-15,-0.0592010024036665,0.1862890369612482,1058.030029296875,110.72123844940126,2.382537266882001,-1.0471045464659712,0.7005039682986824,0.6980618374336167
2024-07-16,-0.0590366656448948,0.185755906723085,1084.8699951171875,113.53000017948133,2.382537266882001,-1.0471045464659712,2.536786771368793,2.5051443533274487
2024-07-17,-0.0588736898848662,0.185227327649023,1070.81005859375,112.05864913906758,2.382537266882001,-1.0471045464659712,-1.2960019713623594,-1.304473349327484
2024-07-18,0.0215218291614163,0.6440979712895449,1062.9599609375,111.23714832114999,2.382537266882001,-1.0471045464659712,-0.733098983638536,-0.7357993599527823
2024-07-19,0.0214632392373906,0.6416223992877855,1056.5899658203125,110.57053798990984,0.5634425297565748,-1.0471045464659712,-0.5992695257843295,-0.6010723517397842
2024-07-20,0.0214051252293428,0.6391751539786428,1056.5899658203125,110.57053798990984,0.5634425297565748,-1.0471045464659712,0.0,0.0
2024-07-21,0.0213474807289983,0.6367556992376918,1056.5899658203125,110.57053798990984,0.5634425297565748,-1.0471045464659712,0.0,0.0
2024-07-22,0.0212902994482285,0.6343635130395187,1067.9000244140625,111.75411847416838,0.5634425297565748,-1.0471045464659712,1.0704302482154482,1.064741702239047
2024-07-23,0.5559967372186363,0.2072847791803979,1065.68994140625,111.52283663818534,0.5634425297565748,-1.0471045464659712,-0.20695598438862373,-0.20717043421489834
2024-07-24,0.1983819746763563,-0.5218428763522157,1042.6099853515625,109.1075542293949,0.5634425297565748,-1.0471045464659712,-2.165728994704774,-2.1895251052767684
2024-07-25,0.9242773160137512,0.1786734969047348,1050.52001953125,109.93532731361837,0.5634425297565748,-1.0471045464659712,0.7586762347207232,0.7558127604545106
2024-07-26,0.897759717914299,-0.0663345787980287,1068.5999755859375,111.82736730308453,1.13667649269229,-1.0471045464659712,1.7210482159830676,1.7064059428019362
2024-07-27,0.8935452636139264,-0.0661608488450054,1068.5999755859375,111.82736730308453,1.13667649269229,-1.0471045464659712,0.0,0.0
2024-07-28,0.8893896106112912,-0.0659884767747577,1068.5999755859375,111.82736730308453,1.13667649269229,-1.0471045464659712,0.0,0.0
2024-07-29,0.8852914041480673,-0.0658174449901557,1066.9200439453125,111.65156500389652,1.13667649269229,-1.0471045464659712,-0.15720865422104158,-0.1573323566901763
2024-07-30,0.774210679620171,0.0039612814725897,1069.8499755859375,111.9581779079156,1.13667649269229,-1.0471045464659712,0.27461585872832206,0.27423947828850714
2024-07-31,0.7267866114632048,-0.0978662517256149,1081.93994140625,113.22337450098917,1.13667649269229,4.843209267861992,1.1300617933548196,1.1237242954722504
2024-08-01,0.813419274943821,-0.453655566220762,1062.1700439453125,111.15448470553851,1.13667649269229,4.843209267861992,-1.8272638530417495,-1.844164515369684
2024-08-02,0.8100103203940747,-0.4522735332438289,1038.800048828125,108.70885014859586,-2.7886886991058124,4.843209267861992,-2.20021222123552,-2.2247778900957194
2024-08-03,0.8066438694206198,-0.4509040546221414,1038.800048828125,108.70885014859586,-2.7886886991058124,4.843209267861992,0.0,0.0
2024-08-04,0.8033190460625634,-0.4495469414271146,1038.800048828125,108.70885014859586,-2.7886886991058124,4.843209267861992,0.0,0.0
2024-08-05,0.762849831780252,-0.6757059879656526,1020.8900146484375,106.83459222572391,-2.7886886991058124,4.843209267861992,-1.7241079454984543,-1.7391437595935422
2024-08-06,0.8576335266242732,0.6419681579954822,1032.9100341796875,108.09246904569511,-2.7886886991058124,4.843209267861992,1.177405926081998,1.1705284338712652
2024-08-07,0.9451633413150676,0.859255872417244,1027.4599609375,107.5221271439478,-2.7886886991058124,4.843209267861992,-0.5276425885934799,-0.5290395382007596
2024-08-08,0.9445447111568676,0.6982572005775836,1051.050048828125,109.99079407594027,-2.7886886991058124,4.843209267861992,2.295961768583221,2.270001178745318
2024-08-09,0.940194474334747,0.6957252022484844,1051.25,110.01171866292401,1.1984935104613959,4.843209267861992,0.0190239439214146,0.01902213459867852
2024-08-10,0.9359037960387984,0.6932205500142207,1051.25,110.01171866292401,1.1984935104613959,4.843209267861992,0.0,0.0
2024-08-11,0.931671329542908,0.690742755153664,1051.25,110.01171866292401,1.1984935104613959,4.843209267861992,0.0,0.0
2024-08-12,0.9274957703716412,0.6882913410869013,1046.0400390625,109.46650414981953,1.1984935104613959,4.843209267861992,-0.4955967598097466,-0.49682891324556167
2024-08-13,0.9233758546111256,0.685865842990175,1057.239990234375,110.63856205931661,1.1984935104613959,4.843209267861992,1.0707000452786497,1.0650086415431304
2024-08-14,0.9193103573017546,0.683465807425635,1061.6500244140625,111.10006545001308,1.1984935104613959,4.843209267861992,0.41712706863366034,0.4162595054006957
2024-08-15,0.5154679358527233,0.384394267823521,1075.6199951171875,112.56200170373147,1.1984935104613959,4.843209267861992,1.3158734405752215,1.3072910331128895
2024-08-16,0.5139288107156675,0.3833530352481391,1073.5400390625,112.34433745610292,2.120336652794297,4.843209267861992,-0.19337275842115087,-0.1935599649161901
2024-08-17,0.512403390681815,0.3823202184439701,1073.5400390625,112.34433745610292,2.120336652794297,4.843209267861992,0.0,0.0
2024-08-18,0.5108914735565571,0.3812957046508965,1073.5400390625,112.34433745610292,2.120336652794297,4.843209267861992,0.0,0.0
2024-08-19,0.5093928612970143,0.3802793832126972,1079.8399658203125,113.00361523976761,2.120336652794297,4.843209267861992,0.5868366831770944,0.5851215036440038
2024-08-20,0.5079073599030921,0.37927114552683,1076.760009765625,112.6813025082742,2.120336652794297,4.843209267861992,-0.2852233805171078,-0.28563091751276914
2024-08-21,0.5064347793119702,0.3782708849957343,1083.3699951171875,113.37302745368407,2.120336652794297,4.843209267861992,0.6138773070706094,0.6120007562272711
2024-08-22,0.5049749332959548,0.3772784969794257,1081.43994140625,113.17105025905674,2.120336652794297,4.843209267861992,-0.17815277510327965,-0.17831165588804154
2024-08-23,0.5035276393635806,0.3762938787495545,1092.6800537109375,114.34731097021293,1.7828878245800706,4.843209267861992,1.0393653752118093,1.0340011108169733
2024-08-24,0.5020927186637413,0.3753169294447309,1092.6800537109375,114.34731097021293,1.7828878245800706,4.843209267861992,0.0,0.0
2024-08-25,0.5006699958928943,0.3743475500271333,1092.6800537109375,114.34731097021293,1.7828878245800706,4.843209267861992,0.0,0.0
2024-08-26,0.4992592992050637,0.3733856432403137,1091.280029296875,114.20080053790751,1.7828878245800706,4.843209267861992,-0.12812757122341312,-0.12820972477767256
2024-08-27,0.4978604601246844,0.3724311135682311,1091.43994140625,114.21753509770525,1.7828878245800706,4.843209267861992,0.014653627399185964,0.01465255386010611
2024-08-28,0.4964733134620536,0.3714838671954153,1090.9599609375,114.1673058693658,1.7828878245800706,4.843209267861992,-0.043976809949941575,-0.043986482584923436
2024-08-29,0.495097697231415,0.3705438119682218,1098.5799560546875,114.96472680543705,1.7828878245800706,4.843209267861992,0.6984669822932332,0.6960390008759809
2024-08-30,0.4937334525714842,0.3696108573571832,1110.780029296875,116.2414459732721,1.6564753355263306,4.843209267861992,1.110531206668064,1.104410085147034
2024-08-31,0.492380423668414,0.3686849144203927,1110.780029296875,116.2414459732721,1.6564753355263306,2.6655904627330917,0.0,0.0
2024-09-01,0.4910384576810071,0.3677658957678746,1110.780029296875,116.2414459732721,1.6564753355263306,2.6655904627330917,0.0,0.0
2024-09-02,0.4897074046682276,0.366853715526943,1110.780029296875,116.2414459732721,1.6564753355263306,2.6655904627330917,0.0,0.0
2024-09-03,0.4883871175188009,0.3659482893085228,1085.6099853515625,113.60743903558348,1.6564753355263306,2.6655904627330917,-2.2659791571194465,-2.2920470123284353
2024-09-04,0.4870774518829432,0.3650495341743301,1086.8399658203125,113.73615462682156,1.6564753355263306,2.6655904627330917,0.1132985589066493,0.11323442452706445
2024-09-05,0.4857782661060538,0.3641573686049642,1073.97998046875,112.39037665725635,1.6564753355263306,2.6655904627330917,-1.1832455334724656,-1.190301599054422
2024-09-06,0.4844894211643538,0.3632717124688525,1062.449951171875,111.18377657242107,-4.351003515573915,2.6655904627330917,-1.073579536542446,-1.0793839825933738
2024-09-07,0.4832107806024249,0.3623924869920375,1062.449951171875,111.18377657242107,-4.351003515573915,2.6655904627330917,0.0,0.0
2024-09-08,0.4819422104724879,0.361519614728719,1062.449951171875,111.18377657242107,-4.351003515573915,2.6655904627330917,0.0,0.0
2024-09-09,0.4806835792754946,0.3606530195326038,1079.0400390625,112.9199041173596,-4.351003515573915,2.6655904627330917,1.5614935905758465,1.5494277224845199
2024-09-10,0.4794347579038455,0.3597926265290301,1080.9300537109375,113.11769128480094,-4.351003515573915,2.6655904627330917,0.17515704515280728,0.1750038240927232
2024-09-11,0.4781956195857821,0.3589383620877749,1083.22998046875,113.35837513300622,-4.351003515573915,2.6655904627330917,0.21277294954624715,0.21254690848531155
2024-09-12,0.4532051170952488,0.4351398131687932,1091.0699462890625,114.17881566965417,-4.351003515573915,2.6655904627330917,0.7237582010904076,0.7211516406623986
2024-09-13,0.4520665535764252,0.4340611343120212,1101.7900390625,115.30065712528494,3.7027709255605945,2.6655904627330917,0.9825302960546844,0.9777348526792906
2024-09-14,0.4509365282273253,0.4329904377793999,1101.7900390625,115.30065712528494,3.7027709255605945,2.6655904627330917,0.0,0.0
2024-09-15,0.4498149348647816,0.4319276256042279,1101.7900390625,115.30065712528494,3.7027709255605945,2.6655904627330917,0.0,0.0
2024-09-16,0.4487016691452021,0.4308726014948736,1107.6400146484375,115.91284820099969,3.7027709255605945,2.6655904627330917,0.530951939891855,0.5295473596499178
2024-09-17,0.4475966285238116,0.4298252707981064,1113.3900146484375,116.51457698322258,3.7027709255605945,2.6655904627330917,0.5191217294388872,0.5177789377332154
2024-09-18,0.4464997122149702,0.4287855404634348,1112.4300537109375,116.41411852654373,3.7027709255605945,2.6655904627330917,-0.08621964674284666,-0.08625683725886901
2024-09-19,0.487332399919877,0.5498082147359945,1131.9100341796875,118.45266894831532,3.7027709255605945,2.6655904627330917,1.7511195785988587,1.7359641503550627
2024-09-20,0.5979276172799433,1.00166216707099,1124.0999755859375,117.63535815758372,2.0248809421458125,2.6655904627330917,-0.6899893417245062,-0.6923807749544153
2024-09-21,0.5962912476703442,0.997624652023301,1124.0999755859375,117.63535815758372,2.0248809421458125,2.6655904627330917,0.0,0.0
2024-09-22,0.5946682398732044,0.9936355700864514,1124.0999755859375,117.63535815758372,2.0248809421458125,2.6655904627330917,0.0,0.0
2024-09-23,0.5930584130292221,0.9896939606193924,1131.530029296875,118.41290201346774,2.0248809421458125,2.6655904627330917,0.6609780155065526,0.6588031342194434
2024-09-24,0.591461589687866,0.98579888944638,1139.469970703125,119.24380484360755,2.0248809421458125,2.6655904627330917,0.701699574971415,0.6992491200469075
2024-09-25,0.572433021463086,0.8822512429941094,1134.25,118.6975428237066,2.0248809421458125,2.6655904627330917,-0.45810515742717994,-0.4591576747577264
2024-09-26,0.5709310023477312,0.879154593998234,1139.8699951171875,119.28566679204813,2.0248809421458125,2.6655904627330917,0.4954811652799096,0.4942576970596413
2024-09-27,0.5694407450607841,0.8760903249224683,1141.5799560546875,119.4646116116256,1.555020091485959,2.6655904627330917,0.1500136809307051,0.1499012728126914
2024-09-28,0.5679620968941164,0.8730578753744122,1141.5799560546875,119.4646116116256,1.555020091485959,2.6655904627330917,0.0,0.0
2024-09-29,0.5664949079010024,0.8700566984463765,1141.5799560546875,119.4646116116256,1.555020091485959,2.6655904627330917,0.0,0.0
2024-09-30,0.565039030832234,0.8670862603010189,1147.06005859375,120.03809603376243,1.555020091485959,3.2661758710084365,0.48004544140751726,0.4788968975002028
2024-10-01,0.5635943210740542,0.864146039772488,1146.93994140625,120.02552595220443,1.555020091485959,3.2661758710084365,-0.010471743532525224,-0.010472291857865912
2024-10-02,0.5621606365878189,0.8612355279822892,1144.699951171875,119.79111437030502,1.555020091485959,3.2661758710084365,-0.19530144112241965,-0.19549240306169224
2024-10-03,0.5607378378513334,0.8583542279693162,1139.0799560546875,119.20299040196349,1.555020091485959,3.2661758710084365,-0.49095792407731764,-0.49216708175379154
2024-10-04,0.5593257878018312,0.8555016543334064,1146.219970703125,119.9501821096953,0.40645551140134906,3.2661758710084365,0.6268229557095939,0.624866591657014
2024-10-05,0.5579243517804967,0.8526773328918313,1146.219970703125,119.9501821096953,0.40645551140134906,3.2661758710084365,0.0,0.0
2024-10-06,0.5565333974785461,0.8498808003481951,1146.219970703125,119.9501821096953,0.40645551140134906,3.2661758710084365,0.0,0.0
2024-10-07,0.5551527948847408,0.8471116039731753,1142.9200439453125,119.60484977762516,0.40645551140134906,3.2661758710084365,-0.2878964633453607,-0.2883116823387155
2024-10-08,0.5537824162343579,0.844369301296656,1145.3900146484375,119.8633284668978,0.40645551140134906,3.2661758710084365,0.21611054213370728,0.2158773591964369
2024-10-09,0.5524221359595137,0.8416534598107455,1155.93994140625,120.96736230698808,0.40645551140134906,3.2661758710084365,0.9210772420650715,0.9168611945643335
2024-10-10,0.5510718306408503,0.838963656683231,1149.68994140625,120.31330928283278,0.40645551140134906,3.2661758710084365,-0.540685530114704,-0.5421525246012138
2024-10-11,0.6172178075506145,0.6035511375186712,1170.25,122.46488824284121,2.096458787237343,3.2661758710084365,1.7883133402560647,1.7725111344335964
2024-10-12,0.6156337183267745,0.6020207668698677,1170.25,122.46488824284121,2.096458787237343,3.2661758710084365,0.0,0.0
2024-10-13,0.6140617635230499,0.600501978767777,1170.25,122.46488824284121,2.096458787237343,3.2661758710084365,0.0,0.0
2024-10-14,0.612501789006511,0.5989946278423517,1176.9300537109375,123.16394573582659,2.096458787237343,3.2661758710084365,0.5708227909367647,0.5691997710925101
2024-10-15,0.6109536433713246,0.5974985712651142,1168.1800537109375,122.24827150200915,2.096458787237343,3.2661758710084365,-0.7434596450664688,-0.7462370809249386
2024-10-16,0.6002437322927858,0.418088238606126,1177.1500244140625,123.1869653364033,2.096458787237343,3.2661758710084365,0.7678585740811261,0.7649255449079462
2024-10-17,0.5987538635322863,0.4171915544227321,1174.199951171875,122.87824464431812,2.096458787237343,3.2661758710084365,-0.250611492248487,-0.25092604850138756
2024-10-18,0.5972750340198777,0.4163006150239829,1177.27001953125,123.19952264348815,0.5998734912411985,3.2661758710084365,0.26146044004780045,0.26111922686817834
2024-10-19,0.5958071080992117,0.4154153593288809,1177.27001953125,123.19952264348815,0.5998734912411985,3.2661758710084365,0.0,0.0
2024-10-20,0.5943499524363324,0.4145357271618,1177.27001953125,123.19952264348815,0.5998734912411985,3.2661758710084365,0.0,0.0
2024-10-21,0.5929034359688471,0.4136616592352941,1173.1300048828125,122.7662763873509,0.5998734912411985,3.2661758710084365,-0.3516622847565487,-0.35228207002981904
2024-10-22,0.1956454968408217,0.5562018621513262,1159.219970703125,121.31061239993835,0.5998734912411985,3.2661758710084365,-1.1857197515868667,-1.1928054751465744
2024-10-23,0.9223925241851276,0.9508416801105904,1155.800048828125,120.95272276078337,0.5998734912411985,3.2661758710084365,-0.2950192337460855,-0.2954552732990834
2024-10-24,1.1043133080940934,0.8161673262724667,1147.6099853515625,120.0956450352042,0.5998734912411985,3.2661758710084365,-0.7086055658906076,-0.7111280987328605
2024-10-25,1.0999777080798991,0.8137583890806341,1144.699951171875,119.79111437030502,-2.7665758763094406,3.2661758710084365,-0.25357344540671845,-0.25389548739163104
2024-10-26,1.095692775819531,0.8113706568510224,1144.699951171875,119.79111437030502,-2.7665758763094406,3.2661758710084365,0.0,0.0
2024-10-27,1.091457532063246,0.8090038202994333,1144.699951171875,119.79111437030502,-2.7665758763094406,3.2661758710084365,0.0,0.0
2024-10-28,1.0975075889709522,1.001978817342302,1147.780029296875,120.11343987627157,-2.7665758763094406,3.2661758710084365,0.269072967273809,0.2687116140226209
2024-10-29,1.2044621299700875,1.1646280259152189,1146.2099609375,119.9491346028988,-2.7665758763094406,3.2661758710084365,-0.13679174748638667,-0.13688539280636292
2024-10-30,-0.0740868575197903,1.1284764456385803,1144.02001953125,119.71996055498188,-2.7665758763094406,3.2661758710084365,-0.19105935918222183,-0.19124211038850092
2024-10-31,-0.8805267623703068,-1.1733721653469626,1131.0899658203125,118.36685003784117,-2.7665758763094406,-1.3922629991158564,-1.1302296717006222,-1.1366653048275666
2024-11-01,-0.877825316143992,-1.1685601350126094,1132.949951171875,118.56149468489303,-1.0264698612043266,-1.3922629991158564,0.16444185765660535,0.16430680007433196
2024-11-02,-0.8751485823414554,-1.16380682599778,1132.949951171875,118.56149468489303,-1.0264698612043266,-1.3922629991158564,0.0,0.0
2024-11-03,-0.872496186470095,-1.159111053640788,1132.949951171875,118.56149468489303,-1.0264698612043266,-1.3922629991158564,0.0,0.0
2024-11-04,-0.8698677619345504,-1.1544716664718098,1131.31005859375,118.38988241289104,-1.0264698612043266,-1.3922629991158564,-0.1447453681805433,-0.14485022548482718
2024-11-05,-0.9284804900853646,-1.2763972616001822,1150.1600341796875,120.36250377884883,-1.0264698612043266,-1.3922629991158564,1.6662077246416995,1.6524787757169257
2024-11-06,-0.8561676714474259,-1.1832821066657937,1195.4000244140625,125.0968001669368,-1.0264698612043266,-1.3922629991158564,3.933364826629626,3.857978498182568
2024-11-07,-0.9337979486912946,-1.0891664366914933,1188.199951171875,124.34332341842602,-1.0264698612043266,-1.3922629991158564,-0.6023149652951254,-0.6041361986051541
2024-11-08,-0.930849179031656,-1.0851527550498694,1200.1700439453125,125.59597547888785,5.933191726952103,-1.3922629991158564,1.0074140098753404,1.0023734197446288
2024-11-09,-0.9279281691842788,-1.0811831212590008,1200.1700439453125,125.59597547888785,5.933191726952103,-1.3922629991158564,0.0,0.0
2024-11-10,-0.9250344863120084,-1.0772567355023537,1200.1700439453125,125.59597547888785,5.933191726952103,-1.3922629991158564,0.0,0.0
2024-11-11,-0.9221677069675944,-1.0733728181490343,1209.72998046875,126.5964083419098,5.933191726952103,-1.3922629991158564,0.7965485034113318,0.7933928025352976
2024-11-12,-0.9193274168334028,-1.069530609103439,1199.25,125.49969427492186,5.933191726952103,-1.3922629991158564,-0.86630741057514,-0.8700816668069322
2024-11-13,-0.9165132104698792,-1.0657293671804005,1201.8199462890625,125.76863525768636,5.933191726952103,-1.3922629991158564,0.21429612583385715,0.2140668391959366
2024-11-14,-0.9137246910724393,-1.0619683695045492,1181.550048828125,123.64742122030326,5.933191726952103,-1.3922629991158564,-1.6866001869519809,-1.7009852631207245
2024-11-15,-0.9109614702364636,-1.0582469109328536,1174.43994140625,122.90335925848782,-2.143871417960086,-1.3922629991158564,-0.6017610027545528,-0.6035788807997378
2024-11-16,-0.908223167730032,-1.0545643034992294,1174.43994140625,122.90335925848782,-2.143871417960086,-1.3922629991158564,0.0,0.0
2024-11-17,-0.9055094112741516,-1.050919875880318,1174.43994140625,122.90335925848782,-2.143871417960086,-1.3922629991158564,0.0,0.0
2024-11-18,-0.9028198363301564,-1.0473129728813595,1172.469970703125,122.69720481114761,-2.143871417960086,-1.3922629991158564,-0.16773703223735836,-0.1678778683087856
2024-11-19,-0.9001540858940075,-1.0437429549414332,1171.739990234375,122.62081346184198,-2.143871417960086,-1.3922629991158564,-0.06226005671703394,-0.06227944633874216
2024-11-20,-0.8975118102972409,-1.0402091976570282,1172.8599853515625,122.73801925279169,-2.143871417960086,-1.3922629991158564,0.09558392873179056,0.09553827638315582
2024-11-21,-1.260936540757966,-1.2679905260422892,1187.25,124.24391246854366,-2.143871417960086,-1.3922629991158564,1.226916667646738,1.2194510476946974
2024-11-22,-1.2556851021293851,-1.262673565086099,1203.3800048828125,125.93189302426262,2.464158656074855,-1.3922629991158564,1.3586022221783622,1.3494559698632003
2024-11-23,-1.2504987338903704,-1.2574229335872953,1203.3800048828125,125.93189302426262,2.464158656074855,-1.3922629991158564,0.0,0.0
2024-11-24,-1.2453761032388115,-1.2522372638094086,1203.3800048828125,125.93189302426262,2.464158656074855,-1.3922629991158564,0.0,0.0
2024-11-25,-1.2403159152808445,-1.2471152271775228,1211.3800048828125,126.76908089518142,2.464158656074855,-1.3922629991158564,0.6647941604097873,0.662594149013529
2024-11-26,-1.2353169116557343,-1.2420555328483471,1213.219970703125,126.96163052864027,2.464158656074855,-1.3922629991158564,0.1518900603358242,0.15177482405714926
2024-11-27,-1.2303778692212666,-1.2370569263435671,1208.8599853515625,126.5053646719263,2.464158656074855,-1.3922629991158564,-0.35937302853955577,-0.36002032467816747
2024-11-28,-1.2254975987964856,-1.232118188243165,1208.8599853515625,126.5053646719263,2.464158656074855,-1.3922629991158564,0.0,0.0
2024-11-29,-1.220674943958878,-1.2272381329357258,1214.0400390625,127.04744943911442,0.8858410590531385,-1.3922629991158564,0.428507335316497,0.4275918569638826
2024-11-30,-1.215908779893193,-1.2224156074227397,1214.0400390625,127.04744943911442,0.8858410590531385,7.333640625308591,0.0,0.0
2024-12-01,-1.2111980122893355,-1.2176494901742134,1214.0400390625,127.04744943911442,0.8858410590531385,7.333640625308591,0.0,0.0
2024-12-02,-1.2065415762868588,-1.212938690032911,1205.969970703125,126.20292902062012,0.8858410590531385,7.333640625308591,-0.664728353243349,-0.6669475118794566
2024-12-03,-1.2019384354637808,-1.2082821451649768,1198.1300048828125,125.38248848397215,0.8858410590531385,7.333640625308591,-0.6500962719446113,-0.6522186008798947
2024-12-04,-1.1973875808674697,-1.2036788220544252,1203.4200439453125,125.9360830514486,0.8858410590531385,7.333640625308591,0.4415246292924113,0.44055276891965534
2024-12-05,-1.1928880300856204,-1.1991277145395276,1188.9200439453125,124.41868003540829,0.8858410590531385,7.333640625308591,-1.2048993261291385,-1.2122170784956587
2024-12-06,-1.188438826355365,-1.1946278428889554,1185.9100341796875,124.10368707701724,-2.3170574262554755,7.333640625308591,-0.25317175708776674,-0.25349277871917764
2024-12-07,-1.1840390377086034,-1.190178252915766,1185.9100341796875,124.10368707701724,-2.3170574262554755,7.333640625308591,0.0,0.0
2024-12-08,-1.179687756151948,-1.1857780151274264,1185.9100341796875,124.10368707701724,-2.3170574262554755,7.333640625308591,0.0,0.0
2024-12-09,-1.1753840968795408,-1.181426223910146,1174.77001953125,122.93790143382604,-2.3170574262554755,7.333640625308591,-0.9393642289352244,-0.9438040808369408
2024-12-10,-1.1711271975172326,-1.1771219967459192,1172.1500244140625,122.66372291707903,-2.3170574262554755,7.333640625308591,-0.22302195950087977,-0.22327102385402142
2024-12-11,-1.1669162173966834,-1.1728644734606946,1169.8699951171875,122.42512130799363,-2.3170574262554755,7.333640625308591,-0.19451684932692004,-0.1947062790386589
2024-12-12,-1.1627503368579304,-1.1686528155022562,1161.93994140625,121.59525321017719,-2.3170574262554755,7.333640625308591,-0.677857688806105,-0.6801655794262729
2024-12-13,-1.1586287565791855,-1.1644862052464122,1158.800048828125,121.26666821237792,-2.2860069120095527,7.333640625308591,-0.27022847448766596,-0.27059425073279186
2024-12-14,-1.1545506969325443,-1.160363845330217,1158.800048828125,121.26666821237792,-2.2860069120095527,7.333640625308591,0.0,0.0
2024-12-15,-1.1505153973645283,-1.156284958010961,1158.800048828125,121.26666821237792,-2.2860069120095527,7.333640625308591,0.0,0.0
2024-12-16,-1.1465221158001893,-1.1522487845497915,1159.6700439453125,121.35771188236141,-2.2860069120095527,7.333640625308591,0.07507724202007182,0.07504907315682985
2024-12-17,-1.1425701280698786,-1.1482545846188228,1149.219970703125,120.26412756128984,-2.2860069120095527,7.333640625308591,-0.9011247032505332,-0.9052093891632751
2024-12-18,-1.1386587273575992,-1.1443016357306943,1116.77001953125,116.8682893696647,-2.2860069120095527,7.333640625308591,-2.8236501278359416,-2.864281819975556
2024-12-19,-1.183298991821449,-1.948341162705031,1115.5999755859375,116.7458460447325,-2.2860069120095527,7.333640625308591,-0.10477035780416255,-0.10482528030850702
2024-12-20,-1.3609143867537932,-2.316196056797277,1128.1500244140625,118.05918962702562,-2.644979558385274,7.333640625308591,1.1249595825361558,1.1186789712225753
2024-12-21,-1.3552086842505442,-2.294691538930984,1128.1500244140625,118.05918962702562,-2.644979558385274,7.333640625308591,0.0,0.0
2024-12-22,-1.3495741495451474,-2.2737750801868373,1128.1500244140625,118.05918962702562,-2.644979558385274,7.333640625308591,0.0,0.0
2024-12-23,-1.344009315362627,-2.253420358455163,1127.6600341796875,118.0079128918897,-2.644979558385274,7.333640625308591,-0.04343307395038298,-0.04344250884189549
2024-12-24,-1.338512756433094,-2.2336026721188604,1136.68994140625,118.95287899258973,-2.644979558385274,7.333640625308591,0.800765031380335,0.7975759217402789
2024-12-25,-1.3330830879581788,-2.214298814001136,1136.68994140625,118.95287899258973,-2.644979558385274,7.333640625308591,0.0,0.0
2024-12-26,-1.327718964145363,-2.195486957093841,1137.3900146484375,119.026140595979,-2.644979558385274,7.333640625308591,0.0615887601962406,0.061569802103011995
2024-12-27,-1.3224190768066637,-2.1771465507869583,1128.1700439453125,118.06128464061862,0.0017745451240225307,7.333640625308591,-0.8106252546954962,-0.8139286856222228
2024-12-28,-1.3171821540183424,-2.1592582264774425,1128.1700439453125,118.06128464061862,0.0017745451240225307,7.333640625308591,0.0,0.0
2024-12-29,-1.3120069588385728,-2.1418037115717814,1128.1700439453125,118.06128464061862,0.0017745451240225307,7.333640625308591,0.0,0.0
2024-12-30,-1.3068922880800615,-2.124765751014105,1117.1700439453125,116.91015131810528,0.0017745451240225307,7.333640625308591,-0.975030320919712,-0.9798148674751594
2024-12-31,-1.3018369711349322,-2.108128035573784,1115.6500244140625,116.751083578715,0.0017745451240225307,-8.104346766389659,-0.13605981824235114,-0.1361524636580569
