date,it_finbert_pit_zscore,it_lexical_pit_zscore,^SP500-45,sp500_45_norm100,sp500_45_weekly_pct_change,sp500_45_monthly_pct_change,sp500_45_daily_pct_change,sp500_45_daily_log_change
2024-01-01,0.0,0.0,,,,,,
2024-01-02,0.0,0.0,3309.489990234375,100.0,,,,
2024-01-03,0.0,0.0,3275.72998046875,98.97990294984291,,,-1.0200970501570872,-1.0253356967529825
2024-01-04,0.0,0.0,3254.639892578125,98.3426419835654,,,-0.6438286432756346,-0.6459101589578964
2024-01-05,0.0,0.0,3259.47998046875,98.48889073805347,,,0.1487134690895342,0.1486030001180083
2024-01-06,0.0,0.0,3259.47998046875,98.48889073805347,,,0.0,0.0
2024-01-07,0.0,0.0,3259.47998046875,98.48889073805347,,,0.0,0.0
2024-01-08,0.0,0.0,3348.97998046875,101.19323491990917,,,2.7458367756910906,2.7088148569236026
2024-01-09,0.0,0.0,3357.510009765625,101.45097944616685,,,0.2547052937498018,0.2543814695648905
2024-01-10,0.0,0.0,3391.169921875,102.4680519319184,,,1.002526038983409,0.9975340827381274
2024-01-11,0.0,0.0,3406.050048828125,102.91767187326985,,,0.43879036721632403,0.43783048916168354
2024-01-12,0.0,0.0,3417.85009765625,103.27422375476654,4.858754099932372,,0.346443788522266,0.345845054482119
2024-01-13,0.0,0.0,3417.85009765625,103.27422375476654,4.858754099932372,,0.0,0.0
2024-01-14,0.0,0.0,3417.85009765625,103.27422375476654,4.858754099932372,,0.0,0.0
2024-01-15,0.0,0.0,3417.85009765625,103.27422375476654,4.858754099932372,,0.0,0.0
2024-01-16,0.0,0.0,3431.179931640625,103.67699983276373,4.858754099932372,,0.39000639593631536,0.3892478426232415
2024-01-17,0.0,0.0,3414.110107421875,103.16121570079414,4.858754099932372,,-0.4974913749448251,-0.4987329829257092
2024-01-18,0.0,0.0,3483.4599609375,105.25670031383913,4.858754099932372,,2.0312717321232965,2.0109165917466143
2024-01-19,0.0,0.0,3565.2099609375,107.7268694408414,4.311478241316102,,2.3468046401198928,2.319690570142008
2024-01-20,0.0,0.0,3565.2099609375,107.7268694408414,4.311478241316102,,0.0,0.0
2024-01-21,0.0,0.0,3565.2099609375,107.7268694408414,4.311478241316102,,0.0,0.0
2024-01-22,0.0,0.0,3578.969970703125,108.14264376879609,4.311478241316102,,0.38595229779978535,0.3852094127600125
2024-01-23,0.0,0.0,3595.1298828125,108.63093387262055,4.311478241316102,,0.45152410446740454,0.4505077924967793
2024-01-24,0.0,0.0,3622.840087890625,109.4682292009005,4.311478241316102,,0.7707706253006652,0.767815364324953
2024-01-25,0.0,0.0,3636.5400390625,109.88218879021186,4.311478241316102,,0.378155006555958,0.3774417979682809
2024-01-26,0.0,0.0,3598.2900390625,108.7264215839998,0.9278577836212776,,-1.0518239752383085,-1.0573947411467444
2024-01-27,0.0,0.0,3598.2900390625,108.7264215839998,0.9278577836212776,,0.0,0.0
2024-01-28,0.0,0.0,3598.2900390625,108.7264215839998,0.9278577836212776,,0.0,0.0
2024-01-29,0.0,0.0,3633.139892578125,109.77944950124565,0.9278577836212776,,0.9685115190076532,0.9638515105152123
2024-01-30,0.0,0.0,3606.159912109375,108.96421873915352,0.9278577836212776,,-0.7426078066486097,-0.7453788656782478
2024-01-31,0.0,0.0,3529.919921875,106.66054081719747,0.9278577836212776,,-2.1141599954667467,-2.136828425139825
2024-02-01,-0.6725966772106285,-1.4502034958985066,3578.75,108.13599710409024,0.9278577836212776,,1.3833197127900432,1.373839176353897
2024-02-02,-0.6285020857370035,-1.2668992607361849,3625.919921875,109.56128988376894,0.767861470658393,,1.3180557981138596,1.309445023361988
2024-02-03,-0.5920788392142946,-1.1391701953199942,3625.919921875,109.56128988376894,0.767861470658393,,0.0,0.0
2024-02-04,-0.5613328576243368,-1.0436287005593263,3625.919921875,109.56128988376894,0.767861470658393,,0.0,0.0
2024-02-05,-0.5349276289275559,-0.9686907348289796,3647.110107421875,110.20157541445201,0.767861470658393,,0.584408536411285,0.5827074938652643
2024-02-06,-0.5119293433398573,-0.9078776482987808,3629.60009765625,109.67249057608434,0.767861470658393,,-0.4801064198745264,-0.48126263293308824
2024-02-07,-0.4916632165145211,-0.8572454772702833,3681.639892578125,111.24493210258643,0.767861470658393,,1.4337611175258447,1.4235799630460733
2024-02-08,-0.4736278756964073,-0.8142376713781144,3686.89990234375,111.40386927360512,0.767861470658393,,0.14287138120783194,0.14276941715678504
2024-02-09,-0.4574419712182979,-0.7771146962755014,3742.199951171875,113.074823075892,3.2069111233086867,,1.4999064333960144,1.488769065486295
2024-02-10,-0.4428095941701404,-0.7446463328944346,3742.199951171875,113.074823075892,3.2069111233086867,,0.0,0.0
2024-02-11,-0.4294971414247757,-0.7159347070248577,3742.199951171875,113.074823075892,3.2069111233086867,,0.0,0.0
2024-02-12,-0.4173174034487223,-0.6903071025633836,3713.25,112.20006741090131,3.2069111233086867,,-0.773607812239141,-0.7766156802516022
2024-02-13,-0.4061183527847597,-0.667248207955407,3655.3701171875,110.45116099380104,3.2069111233086867,,-1.5587391856863975,-1.5710152600146188
2024-02-14,-0.3888994947514071,-0.5938077782626483,3695.39990234375,111.66070643054114,3.2069111233086867,,1.0950952673172587,1.0891425185119985
2024-02-15,-0.3503013631881946,-0.5423815871040127,3679.31005859375,111.17453352180058,3.2069111233086867,,-0.4354019639334683,-0.4363525986761374
2024-02-16,-0.3423845796160617,-0.5283239213665551,3650.2099609375,110.29524101020156,-2.4581794515166955,,-0.7909118066383392,-0.7940561041213101
2024-02-17,-0.3349813800121537,-0.5153055493282049,3650.2099609375,110.29524101020156,-2.4581794515166955,,0.0,0.0
2024-02-18,-0.3280385331866771,-0.5032044154105495,3650.2099609375,110.29524101020156,-2.4581794515166955,,0.0,0.0
2024-02-19,-0.3215102250737419,-0.4919176332567281,3650.2099609375,110.29524101020156,-2.4581794515166955,,0.0,0.0
2024-02-20,-0.3153567807589424,-0.4813577809225105,3603.9599609375,108.89774471510853,-2.4581794515166955,,-1.2670504024409945,-1.2751459417911448
2024-02-21,-0.3461008060807161,-0.5901289982001384,3576.43994140625,108.06619605919914,-2.4581794515166955,,-0.7636050297321062,-0.7665354202101682
2024-02-22,-0.2996471625707641,-0.4930390474400558,3731.97998046875,112.76601505008495,-2.4581794515166955,,4.349018622170453,4.257104281595758
2024-02-23,-0.2945151158800101,-0.4834414141612917,3721.989990234375,112.46415614542431,1.9664630271963635,,-0.2676860617328414,-0.26804498153296663
2024-02-24,-0.2896380367594304,-0.4743832993201095,3721.989990234375,112.46415614542431,1.9664630271963635,,0.0,0.0
2024-02-25,-0.2849954892299531,-0.4658159789319215,3721.989990234375,112.46415614542431,1.9664630271963635,,0.0,0.0
2024-02-26,-0.2805692593238346,-0.4576966749114179,3723.2099609375,112.5010189462403,1.9664630271963635,,0.03277737732572117,0.03277200671689684
2024-02-27,-0.2763430538037884,-0.4499876535574894,3725.610107421875,112.57354209909639,1.9664630271963635,,0.06446444088721304,0.06444367149196495
2024-02-28,-0.1867578167509995,-0.430286026924328,3705.10009765625,111.95380885239838,1.9664630271963635,,-0.5505141218284382,-0.5520350352838932
2024-02-29,-0.1841995792194682,-0.4235560378032948,3748.570068359375,113.2673034038669,1.9664630271963635,6.194195656660506,1.1732468639814364,1.1664176864693232
2024-03-01,-0.1817436707660516,-0.417132267705987,3815.25,115.2821132941335,2.505649128834775,6.194195656660506,1.7788097974598793,1.7631741229784836
2024-03-02,-0.1793834464854714,-0.4109921775381607,3815.25,115.2821132941335,2.505649128834775,6.194195656660506,0.0,0.0
2024-03-03,-0.177112850291055,-0.405115484427313,3815.25,115.2821132941335,2.505649128834775,6.194195656660506,0.0,0.0
2024-03-04,-0.1749263494855804,-0.3994838794045797,3823.110107421875,115.51961536983303,2.505649128834775,6.194195656660506,0.2060181487943069,0.20580622242736268
2024-03-05,-0.172818878004303,-0.3940807870961741,3739.56005859375,112.9950557224353,2.505649128834775,6.194195656660506,-2.1853947827955023,-2.2096282497841457
2024-03-06,-0.1707857870036556,-0.388891160231069,3773.639892578125,114.02481662471745,2.505649128834775,6.194195656660506,0.9113327089387724,0.90720513076743
2024-03-07,-0.2952611457077486,-0.8010293189057351,3844.989990234375,116.18074088696902,2.505649128834775,6.194195656660506,1.8907500367636887,1.8730975211205703
2024-03-08,-0.2917578123894836,-0.7868061134788049,3774.22998046875,114.0426468007375,-1.0751594137015874,6.194195656660506,-1.8403171385450556,-1.857461642342706
2024-03-09,-0.2883762944142615,-0.7733146093271439,3774.22998046875,114.0426468007375,-1.0751594137015874,6.194195656660506,0.0,0.0
2024-03-10,-0.2851096921146248,-0.7604941476422802,3774.22998046875,114.0426468007375,-1.0751594137015874,6.194195656660506,0.0,0.0
2024-03-11,-0.2146056464159876,-0.7570984811747166,3760.030029296875,113.61357914337107,-1.0751594137015874,6.194195656660506,-0.3762343907328991,-0.37694393256941794
2024-03-12,-0.2123509740369238,-0.7452297878437311,3855.47998046875,116.4977078596847,-1.0751594137015874,6.194195656660506,2.5385422570607608,2.50685639319137
2024-03-13,-0.2101659039777548,-0.7339023272229197,3813.85009765625,115.23981365437388,-1.0751594137015874,6.194195656660506,-1.0797587595679503,-1.0856304595108668
2024-03-14,-0.2080469273225351,-0.8488815167284223,3809.47998046875,115.10776559861921,-1.0751594137015874,6.194195656660506,-0.1145854471360952,-0.11465114645226038
2024-03-15,-0.1700706602947908,-0.721743442022487,3760.2900390625,113.62143563383916,-0.3693453095966026,6.194195656660506,-1.2912508179186544,-1.2996599281967391
2024-03-16,-0.1684434675915147,-0.7116053735849366,3760.2900390625,113.62143563383916,-0.3693453095966026,6.194195656660506,0.0,0.0
2024-03-17,-0.1668621043003673,-0.7018828614142767,3760.2900390625,113.62143563383916,-0.3693453095966026,6.194195656660506,0.0,0.0
2024-03-18,-0.1653244587536776,-0.6925482706340488,3779.31005859375,114.19614713281254,-0.3693453095966026,6.194195656660506,0.5058125658836676,0.504537631502977
2024-03-19,-0.16382855303855,-0.6835764726154184,3803.419921875,114.92465404331516,-0.3693453095966026,6.194195656660506,0.6379435110497766,0.6359172644069488
2024-03-20,-0.1623725322976261,-0.6749445601139472,3847.260009765625,116.2493321060979,-0.3693453095966026,6.194195656660506,1.1526491628884639,1.1460567721536918
2024-03-21,-0.1774375697281498,-0.7323121954619268,3852.510009765625,116.407966820676,-0.3693453095966026,6.194195656660506,0.13646075354079024,0.1363677304714983
2024-03-22,-0.1759065643042878,-0.7229602234332202,3869.949951171875,116.93493446395978,2.916262069420439,6.194195656660506,0.4526903593252696,0.45166879836333607
2024-03-23,-0.1744145175146428,-0.7139576246182382,3869.949951171875,116.93493446395978,2.916262069420439,6.194195656660506,0.0,0.0
2024-03-24,-0.1729598046382027,-0.7052831738253124,3869.949951171875,116.93493446395978,2.916262069420439,6.194195656660506,0.0,0.0
2024-03-25,-0.1715408942582976,-0.6969174083432093,3849.919921875,116.3297043724357,2.916262069420439,6.194195656660506,-0.5175785100479002,-0.5189225873944991
2024-03-26,-0.1701563414845304,-0.6888424441316556,3820.60009765625,115.44377257311717,2.916262069420439,6.194195656660506,-0.761569716090893,-0.7644844662531014
2024-03-27,-0.1688047817669581,-0.6810418149110953,3825.31005859375,115.58608939387803,2.916262069420439,6.194195656660506,0.12327804054628189,0.12320211556282601
2024-03-28,-0.1674849252423453,-0.6735003308547446,3821.050048828125,115.45736835896948,2.916262069420439,6.194195656660506,-0.11136377706311151,-0.11142583259324823
2024-03-29,-0.1661955515591949,-0.6662039541219412,3821.050048828125,115.45736835896948,-1.2635797093174972,6.194195656660506,0.0,0.0
2024-03-30,-0.1649355051343972,-0.6591396889108988,3821.050048828125,115.45736835896948,-1.2635797093174972,6.194195656660506,0.0,0.0
2024-03-31,-0.1637036907995882,-0.6522954840707524,3821.050048828125,115.45736835896948,-1.2635797093174972,1.9335367659399916,0.0,0.0
2024-04-01,-0.1624990697999046,-0.6456601466118506,3829.659912109375,115.71752515976523,-1.2635797093174972,1.9335367659399916,0.22532715277807647,0.22507367185209404
2024-04-02,-0.1613206561119527,-0.6392232647017047,3792.669921875,114.59983058013137,-1.2635797093174972,1.9335367659399916,-0.9658818559165727,-0.9705767505979068
2024-04-03,-0.1601675130513001,-0.6329751389411317,3796.719970703125,114.72220740677463,-1.2635797093174972,1.9335367659399916,0.10678621951163425,0.10672924358612335
2024-04-04,-0.1590387501429644,-0.6269067208885198,3731.27001953125,112.74456277376457,-1.2635797093174972,1.9335367659399916,-1.7238551085387077,-1.7388864873069565
2024-04-05,-0.1579335202311465,-0.6210095579457338,3782.909912109375,114.30492079661715,-0.9981585226931822,1.9335367659399916,1.3839762951439294,1.3744867979049502
2024-04-06,-0.1568510168069014,-0.6152757438420571,3782.909912109375,114.30492079661715,-0.9981585226931822,1.9335367659399916,0.0,0.0
2024-04-07,-0.1557904715345473,-0.6096978740563236,3782.909912109375,114.30492079661715,-0.9981585226931822,1.9335367659399916,0.0,0.0
2024-04-08,-0.1547511519596351,-0.604269005605594,3770.93994140625,113.94323453261738,-0.9981585226931822,1.9335367659399916,-0.31642230402602056,-0.31692397795008986
2024-04-09,-0.1537323593828778,-0.5989826207037211,3776.800048828125,114.12030433609668,-0.9981585226931822,1.9335367659399916,0.1554017701933974,0.15528114659382197
2024-04-10,-0.1527334268860706,-0.593832593857228,3748.77001953125,113.27334515569167,-0.9981585226931822,1.9335367659399916,-0.7421634435101243,-0.7449311789780921
2024-04-11,-0.151753717497301,-0.588813162020755,3837.389892578125,115.95109530173755,-0.9981585226931822,1.9335367659399916,2.3639719850820917,2.3364628625296646
2024-04-12,-0.1507926224839766,-0.5839188974814609,3774.449951171875,114.04929346544334,-0.2236363311327927,1.9335367659399916,-1.6401758270115252,-1.6537756228231615
2024-04-13,-0.1498495597633032,-0.5791446831822636,3774.449951171875,114.04929346544334,-0.2236363311327927,1.9335367659399916,0.0,0.0
2024-04-14,-0.1489239724207447,-0.574485690228888,3774.449951171875,114.04929346544334,-0.2236363311327927,1.9335367659399916,0.0,0.0
2024-04-15,-0.1480153273279501,-0.5699373573559138,3699.340087890625,111.77976361332465,-0.2236363311327927,1.9335367659399916,-1.9899552054712055,-2.0100214666715743
2024-04-16,-0.1471231138522864,-0.5654953721533345,3707.669921875,112.0314590107712,-0.2236363311327927,1.9335367659399916,0.22517080848127868,0.22491767892756087
2024-04-17,-0.146246842650954,-0.5611556538779805,3644.27001953125,110.11575893218418,-0.2236363311327927,1.9335367659399916,-1.7099661965509605,-1.7247549494166847
2024-04-18,-0.1453860445431632,-0.5569143376940671,3611.669921875,109.13070994419974,-0.2236363311327927,1.9335367659399916,-0.8945576886874917,-0.8985828790603279
2024-04-19,-0.1445402694544814,-0.5527677602045409,3500.43994140625,105.76976971483005,-7.259601089174639,1.9335367659399916,-3.0797382616572277,-3.1281589482714978
2024-04-20,-0.143709085427976,-0.5487124461501044,3500.43994140625,105.76976971483005,-7.259601089174639,1.9335367659399916,0.0,0.0
2024-04-21,-0.1428920776971753,-0.5447450961661482,3500.43994140625,105.76976971483005,-7.259601089174639,1.9335367659399916,0.0,0.0
2024-04-22,-0.1420888478163728,-0.5408625754995899,3545.110107421875,107.11952953121981,-7.259601089174639,1.9335367659399916,1.2761300511752172,1.2680561282548908
2024-04-23,-0.1645274296811875,-0.5394574781028721,3605.800048828125,108.95334506126623,-7.259601089174639,1.9335367659399916,1.7119338911136373,1.6974454244227388
2024-04-24,-0.0974090193164546,-0.616603314245118,3606.929931640625,108.98748575411723,-7.259601089174639,1.9335367659399916,0.03133514884907651,0.03133024041677146
2024-04-25,1.178027865119153,0.2533643168276488,3612.389892578125,109.15246467696068,-7.259601089174639,1.9335367659399916,0.1513741891574938,0.15125973392091652
2024-04-26,1.163345112750927,0.251942185716014,3679.3798828125,111.17664333989812,5.111927197767141,1.9335367659399916,1.8544507161868173,1.8374654465228346
2024-04-27,1.14919803136244,0.2505437360980798,3679.3798828125,111.17664333989812,5.111927197767141,1.9335367659399916,0.0,0.0
2024-04-28,1.1355548221187006,0.249168317941812,3679.3798828125,111.17664333989812,5.111927197767141,1.9335367659399916,0.0,0.0
2024-04-29,1.122386267673556,0.2478153059237787,3692.530029296875,111.57398995593799,5.111927197767141,1.9335367659399916,0.3574011627829776,0.3567640025213592
2024-04-30,1.1928478720922495,0.1859095800309551,3612.610107421875,109.15911871865288,5.111927197767141,-5.45504347607737,-2.164367553978108,-2.188133536412451
2024-05-01,1.1214254218235185,0.0682524287933671,3567.1298828125,107.7848820615372,5.111927197767141,-5.45504347607737,-1.2589297836469782,-1.2669214484565927
2024-05-02,1.073814589505959,-0.057333742680717,3625.659912109375,109.55343339330086,5.111927197767141,-5.45504347607737,1.6408157600005024,1.627499840569513
2024-05-03,1.0625488164779555,-0.0570510833960624,3734.81005859375,112.85152907591221,1.5065086385937176,-5.45504347607737,3.0104904798109455,2.966064637380761
2024-05-04,1.0516303421846704,-0.0567725638981411,3734.81005859375,112.85152907591221,1.5065086385937176,-5.45504347607737,0.0,0.0
2024-05-05,1.0410416815947097,-0.0564980841124894,3734.81005859375,112.85152907591221,1.5065086385937176,-5.45504347607737,0.0,0.0
2024-05-06,1.0307665577843872,-0.0562275473190711,3790.219970703125,114.52580252205884,1.5065086385937176,-5.45504347607737,1.4836072314273974,1.4727094341306923
2024-05-07,1.020789796691577,-0.0559608600090927,3770.159912109375,113.91966506121311,1.5065086385937176,-5.45504347607737,-0.5292584269199763,-0.5306639607967512
2024-05-08,1.0110972328630643,-0.0556979317492076,3778.97998046875,114.18617344726056,1.5065086385937176,-5.45504347607737,0.23394414467794444,0.23367092140738066
2024-05-09,1.0016756248635683,-0.0554386750526774,3769.39990234375,113.89670050268998,1.5065086385937176,-5.45504347607737,-0.2535096289081551,-0.2538315086805909
2024-05-10,0.9925125791973552,-0.0551830052570679,3787.389892578125,114.44028849623157,1.4078315405462005,-5.45504347607737,0.47726403938168627,0.4761287453657559
2024-05-11,0.9835964817482258,-0.0549308404080943,3787.389892578125,114.44028849623157,1.4078315405462005,-5.45504347607737,0.0,0.0
2024-05-12,0.9749164358752764,-0.0546821011492519,3787.389892578125,114.44028849623157,1.4078315405462005,-5.45504347607737,0.0,0.0
2024-05-13,0.9664622064140556,-0.0544367106168983,3805.5400390625,114.98871579282206,1.4078315405462005,-5.45504347607737,0.47922572006495745,0.4780810890650855
2024-05-14,0.9582241689286852,-0.0541945943404522,3841.1201171875,116.06380827625576,1.4078315405462005,-5.45504347607737,0.9349547701451799,0.9306111211468959
2024-05-15,0.883281742191346,-0.1372367263331114,3929.18994140625,118.72493807204381,1.4078315405462005,-5.45504347607737,2.2928161976677686,2.266926160704763
2024-05-16,0.8797251589252743,-0.1243580612292872,3915.929931640625,118.32427181214416,1.4078315405462005,-5.45504347607737,-0.3374743894635768,-0.3380451186863809
2024-05-17,0.8730176211067392,-0.1238126218966266,3897.199951171875,117.75832417296053,2.8993597624827894,-5.45504347607737,-0.47830223716242015,-0.4794497628690664
2024-05-18,0.8664612067671782,-0.1232742971319293,3897.199951171875,117.75832417296053,2.8993597624827894,-5.45504347607737,0.0,0.0
2024-05-19,0.8600503250448184,-0.1227429336004822,3897.199951171875,117.75832417296053,2.8993597624827894,-5.45504347607737,0.0,0.0
2024-05-20,0.8537796704278375,-0.1222183825546279,3948.820068359375,119.31808465991836,2.8993597624827894,-5.45504347607737,1.3245437194460141,1.3158483377193164
2024-05-21,0.8476442042983469,-0.1217004996588264,3961.0,119.68611513218342,2.8993597624827894,-5.45504347607737,0.3084448374393922,0.30797012225640685
2024-05-22,0.6973924629906194,-0.0603182169462756,3963.7900390625,119.77041933224848,2.8993597624827894,-5.45504347607737,0.07043774457207164,0.07041294883585181
2024-05-23,0.7049619274738714,-0.0787912271596348,3986.10009765625,120.44454309934196,2.8993597624827894,-5.45504347607737,0.5628466284512523,0.5612685654293514
2024-05-24,0.7006762948391936,-0.0784683037618886,4031.14990234375,121.80577412951376,3.43708182413367,-5.45504347607737,1.1301724388202983,1.1238337044877866
2024-05-25,0.6964678839414612,-0.0781493185684156,4031.14990234375,121.80577412951376,3.43708182413367,-5.45504347607737,0.0,0.0
2024-05-26,0.692334403229214,-0.0778341921774395,4031.14990234375,121.80577412951376,3.43708182413367,-5.45504347607737,0.0,0.0
2024-05-27,0.6882736552370957,-0.0775228474105087,4031.14990234375,121.80577412951376,3.43708182413367,-5.45504347607737,0.0,0.0
2024-05-28,0.6842835316767373,-0.0772152092330897,4086.659912109375,123.48307214006596,3.43708182413367,-5.45504347607737,1.3770266824697064,1.3676318183232894
2024-05-29,0.6704283758236712,0.2371364394681476,4072.06005859375,123.04192097905002,3.43708182413367,-5.45504347607737,-0.3572563861348854,-0.35789607075944474
2024-05-30,0.6666643425652268,0.2361640490599416,3972.260009765625,120.02634911986283,3.43708182413367,-5.45504347607737,-2.4508491375883623,-2.4813823596408824
2024-05-31,0.6629630036847896,0.2352035233943341,3972.2099609375,120.02483683766005,-1.462112370765023,9.95401781047034,-0.0012599585123340695,-0.0012599664499290952
2024-06-01,0.6593226378735251,0.2342546231356344,3972.2099609375,120.02483683766005,-1.462112370765023,9.95401781047034,0.0,0.0
2024-06-02,0.6557415892674665,0.2333171156531085,3972.2099609375,120.02483683766005,-1.462112370765023,9.95401781047034,0.0,0.0
2024-06-03,0.6522182642827223,0.2323907747813808,4011.239990234375,121.20417351527637,-1.462112370765023,9.95401781047034,0.9825771970941588,0.9777812973746691
2024-06-04,0.6487511286357405,0.2314753805912312,4027.75,121.70304221753389,-1.462112370765023,9.95401781047034,0.41159366694139,0.41074893731725126
2024-06-05,0.6453387045359797,0.2305707191702403,4135.56005859375,124.9606456220426,-1.462112370765023,9.95401781047034,2.6766819835826405,2.6414855347649535
2024-06-06,0.6419795680393199,0.2296765824127965,4116.18994140625,124.37535552463615,-1.462112370765023,9.95401781047034,-0.46837954020879646,-0.46947987434826643
2024-06-07,0.6386723465514772,0.2287927678189753,4124.3701171875,124.6225288294471,3.830617156352134,9.95401781047034,0.19873173730304838,0.19853452702243146
2024-06-08,0.6354157164714165,0.2279190783018955,4124.3701171875,124.6225288294471,3.830617156352134,9.95401781047034,0.0,0.0
2024-06-09,0.6322084009656543,0.2270553220030861,4124.3701171875,124.6225288294471,3.830617156352134,9.95401781047034,0.0,0.0
2024-06-10,0.6290491678648717,0.2262013121154855,4136.259765625,124.98178806493607,3.830617156352134,9.95401781047034,0.28827792122614326,0.28786319727398535
2024-06-11,0.5983592697849196,0.1504641739128692,4204.759765625,127.05159338847926,3.830617156352134,9.95401781047034,1.656085543013508,1.6425219908766664
2024-06-12,0.4623947834236588,0.143739392196324,4308.33984375,130.18138312740106,3.830617156352134,9.95401781047034,2.4634006197403746,2.4335481702241424
2024-06-13,0.5431801510164853,0.5464829686575354,4367.0,131.95386639289194,3.830617156352134,9.95401781047034,1.361548958007508,1.352363165632653
2024-06-14,0.5407371425525832,0.5440183211135142,4389.31982421875,132.62828523943963,6.424004138889572,9.95401781047034,0.5111019972234843,0.5098003044002652
2024-06-15,0.5383268033746279,0.5415867223869075,4389.31982421875,132.62828523943963,6.424004138889572,9.95401781047034,0.0,0.0
2024-06-16,0.5359484117939535,0.5391874404254364,4389.31982421875,132.62828523943963,6.424004138889572,9.95401781047034,0.0,0.0
2024-06-17,0.5336012682461824,0.5368197656790978,4441.2900390625,134.19862432483055,6.424004138889572,9.95401781047034,1.1840152216066935,1.1770606033822517
2024-06-18,0.5312846944267179,0.5344830102186154,4468.39990234375,135.01777964366352,6.424004138889572,9.95401781047034,0.6104051535209543,0.6085497278448315
2024-06-19,0.528998032467243,0.5321765068956846,4468.39990234375,135.01777964366352,6.424004138889572,9.95401781047034,0.0,0.0
2024-06-20,0.5242392128696765,0.5627443827897798,4397.080078125,132.86277012771998,6.424004138889572,9.95401781047034,-1.5960931379785714,-1.6089678835731647
2024-06-21,0.29120789047914,0.094702255584498,4360.22021484375,131.74900748181332,-0.6629639793946707,9.95401781047034,-0.8382804639975427,-0.8418137946822668
2024-06-22,0.2901674569504737,0.0943874363962745,4360.22021484375,131.74900748181332,-0.6629639793946707,9.95401781047034,0.0,0.0
2024-06-23,0.2891380961701169,0.0940757361422448,4360.22021484375,131.74900748181332,-0.6629639793946707,9.95401781047034,0.0,0.0
2024-06-24,0.2881196131195999,0.0937671036610874,4269.919921875,129.0204815386859,-0.6629639793946707,9.95401781047034,-2.0710030346938746,-2.09274906717134
2024-06-25,0.2871118175554808,0.0934614889587313,4346.4599609375,131.33322577687227,-0.6629639793946707,9.95401781047034,1.7925403863051859,1.7766638295150017
2024-06-26,0.2861145238600792,0.0931588431743392,4362.60986328125,131.82121342425617,-0.6629639793946707,9.95401781047034,0.3715645028113057,0.3708759071036738
2024-06-27,0.2851275508978411,0.0928591185475004,4359.81005859375,131.7366141447369,-0.6629639793946707,9.95401781047034,-0.06417728779887222,-0.0641978902354623
2024-06-28,0.2841507218771636,0.0925622683865655,4341.08984375,131.1709615850075,-0.43874781894326365,9.95401781047034,-0.4293814315798006,-0.43030592098833864
2024-06-29,0.2831838642173456,0.0922682470380956,4341.08984375,131.1709615850075,-0.43874781894326365,9.95401781047034,0.0,0.0
2024-06-30,0.2822268094205132,0.0919770098573601,4341.08984375,131.1709615850075,-0.43874781894326365,9.2865152255305,0.0,0.0
2024-07-01,0.2812793929482821,0.0916885131798737,4397.509765625,132.87575362370478,-0.43874781894326365,9.2865152255305,1.2996718314003397,1.2912985689732537
2024-07-02,0.2803414541028998,0.0914027142938865,4421.0498046875,133.58704264805482,-0.43874781894326365,9.2865152255305,0.5353038496130447,0.5338761911634293
2024-07-03,0.2794128359127642,0.0911195714138252,4486.31005859375,135.55895536266704,-0.43874781894326365,9.2865152255305,1.476125734594902,1.4653370389007492
2024-07-04,0.2784933850220723,0.0908390436546349,4486.31005859375,135.55895536266704,-0.43874781894326365,9.2865152255305,0.0,0.0
2024-07-05,0.2775829515844263,0.0905610910069765,4508.1298828125,136.21826614115966,3.8478825611728107,9.2865152255305,0.4863646055170312,0.48518567392825673
2024-07-06,0.2766813891602511,0.0902856743132505,4508.1298828125,136.21826614115966,3.8478825611728107,9.2865152255305,0.0,0.0
2024-07-07,0.2757885546178556,0.0900127552444348,4508.1298828125,136.21826614115966,3.8478825611728107,9.2865152255305,0.0,0.0
2024-07-08,0.2749043080379699,0.0897422962776791,4540.77978515625,137.20482003436052,3.8478825611728107,9.2865152255305,0.7242449350944646,0.7216348760348268
2024-07-09,0.2740285126216577,0.0894742606746183,4542.490234375,137.25650320076372,3.8478825611728107,9.2865152255305,0.03766862300482732,0.03766153016009355
2024-07-10,0.2731610346013791,0.0892086124604331,4616.31982421875,139.48734813643676,3.8478825611728107,9.2865152255305,1.6253109205397909,1.6122441363910056
2024-07-11,0.2723017431552034,0.0889453164035514,4489.81982421875,135.66500691850663,3.8478825611728107,9.2865152255305,-2.740278074676261,-2.7785240102250697
2024-07-12,0.2714505103239092,0.088684337996027,4531.2099609375,136.91565692321686,0.5119656869912781,9.2865152255305,0.9218663184541454,0.917643066226681
2024-07-13,0.2706072109309538,0.088425643434538,4531.2099609375,136.91565692321686,0.5119656869912781,9.2865152255305,0.0,0.0
2024-07-14,0.2697717225051544,0.0881691996020007,4531.2099609375,136.91565692321686,0.5119656869912781,9.2865152255305,0.0,0.0
2024-07-15,0.2689439252059641,0.087914974049762,4549.64013671875,137.47254562315655,0.5119656869912781,9.2865152255305,0.4067385078187158,0.4059135629059796
2024-07-16,0.2681237017512736,0.0876629349803452,4532.2001953125,136.94557797987278,0.5119656869912781,9.2865152255305,-0.3833257330727702,-0.3840623090871631
2024-07-17,0.2673109373476053,0.087413051230746,4363.6201171875,131.8517393937932,0.5119656869912781,9.2865152255305,-3.7196079356634937,-3.7905500955041305
2024-07-18,0.2665055196226356,0.0871652922562545,4353.77978515625,131.5544025817682,0.5119656869912781,9.2865152255305,-0.22550844865002473,-0.22576310186703807
2024-07-19,0.2657073385599266,0.0869196281147678,4298.43994140625,129.8822463307054,-5.137038926421544,9.2865152255305,-1.2710758577793801,-1.2792231393410347
2024-07-20,0.2649162864358053,0.0866760294515897,4298.43994140625,129.8822463307054,-5.137038926421544,9.2865152255305,0.0,0.0
2024-07-21,0.2641322577582911,0.0864344674846955,4298.43994140625,129.8822463307054,-5.137038926421544,9.2865152255305,0.0,0.0
2024-07-22,0.2633551492079979,0.0861949139904495,4382.83984375,132.432485267605,-5.137038926421544,9.2865152255305,1.9635007931770199,1.9444727896820169
2024-07-23,0.2840100848524956,0.12825762864162,4377.25,132.26358178802067,-5.137038926421544,9.2865152255305,-0.1275393112520673,-0.1276207118507955
2024-07-24,0.2195100425551065,0.0698837113150954,4196.08984375,126.78962184904015,-5.137038926421544,9.2865152255305,-4.138675109943457,-4.22675712582663
2024-07-25,0.2188874646813006,0.0696936605911599,4148.14013671875,125.34076697494353,-5.137038926421544,9.2865152255305,-1.1427235549465231,-1.149302810385322
2024-07-26,0.2182701542312196,0.0695051520261373,4193.419921875,126.70894712626178,-2.4432124436497893,9.2865152255305,1.0915683574776125,1.085653752461191
2024-07-27,0.2176580373448435,0.0693181648759124,4193.419921875,126.70894712626178,-2.4432124436497893,9.2865152255305,0.0,0.0
2024-07-28,0.2170510416039956,0.0691326787849267,4193.419921875,126.70894712626178,-2.4432124436497893,9.2865152255305,0.0,0.0
2024-07-29,0.2164490959963734,0.0689486737768763,4179.3798828125,126.28471139495787,-2.4432124436497893,9.2865152255305,-0.3348111881011473,-0.33537293497083454
2024-07-30,-0.3381458634627157,0.0634800302901203,4087.489990234375,123.50815389367298,-2.4432124436497893,9.2865152255305,-2.1986489659869823,-2.2231794789023596
2024-07-31,-0.2239560345254893,0.0697281638293218,4249.08984375,128.3910770628765,-2.4432124436497893,-2.1192834820605078,3.9535229175291287,3.877371824218123
2024-08-01,0.2555062489507391,0.6099225357651593,4106.25,124.07500890217828,-2.4432124436497893,-2.1192834820605078,-3.361657413765995,-3.4194602339447044
2024-08-02,0.2548003657522789,0.6077549347763728,4024.5,121.60483977517602,-4.02821384507257,-2.1192834820605078,-1.9908675799086728,-2.010952369913177
2024-08-03,0.2541003008112455,0.6056102810140144,4024.5,121.60483977517602,-4.02821384507257,-2.1192834820605078,0.0,0.0
2024-08-04,0.2534059746358278,0.603488172431505,4024.5,121.60483977517602,-4.02821384507257,-2.1192834820605078,0.0,0.0
2024-08-05,0.252717309246424,0.6013882167753295,3872.22998046875,117.0038281395292,-4.02821384507257,-2.1192834820605078,-3.783576084762086,-3.8570116118963327
2024-08-06,0.2520342281388706,0.5993100312804549,3915.239990234375,118.3034244487049,-4.02821384507257,-2.1192834820605078,1.1107297340954503,1.1046064318877669
2024-08-07,0.2513566562487316,0.5972532423772557,3861.919921875,116.69229800575715,-4.02821384507257,-2.1192834820605078,-1.3618595154414326,-1.3712178844988543
2024-08-08,0.2506845199166407,0.5952174854094335,3989.580078125,120.54969466284626,-4.02821384507257,-2.1192834820605078,3.3056137577295974,3.2521532879005832
2024-08-09,0.2500177468546829,0.5932024043624282,4015.159912109375,121.32261840819241,-0.2320807029599914,-2.1192834820605078,0.6411660747112302,0.6391193489832858
2024-08-10,0.249356266113728,0.5912076516018755,4015.159912109375,121.32261840819241,-0.2320807029599914,-2.1192834820605078,0.0,0.0
2024-08-11,0.2487000080517274,0.5892328876216902,4015.159912109375,121.32261840819241,-0.2320807029599914,-2.1192834820605078,0.0,0.0
2024-08-12,0.2480489043029047,0.5872777808013295,4052.27001953125,122.44394246511294,-0.2320807029599914,-2.1192834820605078,0.92424979911645,0.9200047472024409
2024-08-13,0.2474028877478532,0.585342007171858,4173.7099609375,126.11338826384912,-0.2320807029599914,-2.1192834820605078,2.9968373484720923,2.952809641548626
2024-08-14,0.2861406868581633,0.5770497747095993,4199.10009765625,126.88058009079741,-0.2320807029599914,-2.1192834820605078,0.6083349575409125,0.6064920706116084
2024-08-15,0.3132259468778214,0.577773484534192,4305.68994140625,130.10131331750378,-0.2320807029599914,-2.1192834820605078,2.5383973058773712,2.5067150304582952
2024-08-16,0.3123944234576311,0.5759120165681275,4316.77001953125,130.43611046623954,7.51178319230188,-2.1192834820605078,0.2573357179867175,0.2570051765738768
2024-08-17,0.3115694874255301,0.5740684252498901,4316.77001953125,130.43611046623954,7.51178319230188,-2.1192834820605078,0.0,0.0
2024-08-18,0.3107510522620875,0.5722424262679638,4316.77001953125,130.43611046623954,7.51178319230188,-2.1192834820605078,0.0,0.0
2024-08-19,0.3099390330304679,0.5704337416012305,4379.10009765625,132.31948459061894,7.51178319230188,-2.1192834820605078,1.4439054627183534,1.4335804183669865
2024-08-20,0.3091333463393846,0.5686420993411426,4365.14013671875,131.89766851083948,7.51178319230188,-2.1192834820605078,-0.31878606622789407,-0.3192952714796249
2024-08-21,0.3083339103071445,0.5668672335200112,4385.31005859375,132.50712561554496,7.51178319230188,-2.1192834820605078,0.4620681408446403,0.4610038831486918
2024-08-22,0.3487048547618802,0.6560809099442917,4291.72021484375,129.67920215827013,7.51178319230188,-2.1192834820605078,-2.134167082817673,-2.157269719073085
2024-08-23,0.3477903763356395,0.6538889260048892,4362.9501953125,131.83149694323504,1.0697854083564273,-2.1192834820605078,1.6597069916717055,1.6460843788381752
2024-08-24,0.3468830550370167,0.6517187667040371,4362.9501953125,131.83149694323504,1.0697854083564273,-2.1192834820605078,0.0,0.0
2024-08-25,0.345982797992212,0.6495700722649842,4362.9501953125,131.83149694323504,1.0697854083564273,-2.1192834820605078,0.0,0.0
2024-08-26,0.3450895140059523,0.6474424911598415,4314.169921875,130.3575455615587,1.0697854083564273,-2.1192834820605078,-1.1180570772939102,-1.1243543172543724
2024-08-27,0.3442031135226803,0.6453356798679855,4341.52978515625,131.1842549144192,1.0697854083564273,-2.1192834820605078,0.6341860375624453,0.6321835398260589
2024-08-28,2.534223516969273,0.8796608467359397,4285.18994140625,129.48188252724634,1.0697854083564273,-2.1192834820605078,-1.297695663464682,-1.3061892946465647
2024-08-29,2.4923405649473063,0.8761199102604598,4253.2998046875,128.51828581558226,1.0697854083564273,-2.1192834820605078,-0.7441942400407298,-0.746977180962638
2024-08-30,2.4524678461942933,0.8726213928457712,4298.509765625,129.88435614880296,-1.476992099445329,-2.1192834820605078,1.0629384951344134,1.0573290190873053
2024-08-31,2.414449533584464,0.8691644542599672,4298.509765625,129.88435614880296,-1.476992099445329,1.1630707679126218,0.0,0.0
2024-09-01,2.378146202963602,0.8657482773885422,4298.509765625,129.88435614880296,-1.476992099445329,1.1630707679126218,0.0,0.0
2024-09-02,2.3434326779228,0.8623720674230126,4298.509765625,129.88435614880296,-1.476992099445329,1.1630707679126218,0.0,0.0
2024-09-03,2.310196210873785,0.8590350510840765,4108.14013671875,124.13212153053877,-1.476992099445329,1.1630707679126218,-4.4287355219854945,-4.5297991888098466
2024-09-04,2.278334940117143,0.8557364758775847,4091.320068359375,123.62388405561038,-1.476992099445329,1.1630707679126218,-0.4094326824208516,-0.4102731529197712
2024-09-05,2.2900841865835533,0.863276640152108,4093.18994140625,123.6803843941034,-1.476992099445329,1.1630707679126218,0.045703416394515806,0.04569297556429319
2024-09-06,2.2592208324573093,0.8599770844472807,3994.85009765625,120.7089342903055,-7.064300990941175,1.1630707679126218,-2.4025233413970115,-2.431854681101875
2024-09-07,2.22957259383994,0.8567150758080078,3994.85009765625,120.7089342903055,-7.064300990941175,1.1630707679126218,0.0,0.0
2024-09-08,2.2010617743850167,0.8534899074871423,3994.85009765625,120.7089342903055,-7.064300990941175,1.1630707679126218,0.0,0.0
2024-09-09,2.1336912617314887,0.860062985435533,4051.679931640625,122.42611228909288,-7.064300990941175,1.1630707679126218,1.422577383259438,1.4125537024320067
2024-09-10,2.108500315801262,0.8568425093129902,4101.68017578125,123.93692647158521,-7.064300990941175,1.1630707679126218,1.2340620430098648,1.2265095687110872
2024-09-11,2.084181040983053,0.8536579412453884,4234.919921875,127.96291677483174,-7.064300990941175,1.1630707679126218,3.2484187060823677,3.1967730540443995
2024-09-12,1.9888963048566743,0.4586830582636886,4269.759765625,129.01564223563702,-7.064300990941175,1.1630707679126218,0.8226801071264278,0.8193145402994872
2024-09-13,1.968164366135483,0.457501346982399,4287.60986328125,129.5550032159972,7.328429314450613,1.1630707679126218,0.41805859430212866,0.4171871572616226
2024-09-14,1.9480675178111668,0.4563287222670369,4287.60986328125,129.5550032159972,7.328429314450613,1.1630707679126218,0.0,0.0
2024-09-15,1.9285739832977256,0.4551650682620652,4287.60986328125,129.5550032159972,7.328429314450613,1.1630707679126218,0.0,0.0
2024-09-16,1.909654168275913,0.4540102711695057,4246.72021484375,128.31947603331477,7.328429314450613,1.1630707679126218,-0.9536699872736976,-0.9582465395428841
2024-09-17,1.891280471711161,0.4528642192022002,4242.75,128.1995114812096,7.328429314450613,1.1630707679126218,-0.09348896661175443,-0.09353269480225634
2024-09-18,1.8734271164965977,0.4517268025383551,4221.16015625,127.54714982386339,7.328429314450613,1.1630707679126218,-0.5088643863060516,-0.510163510184114
2024-09-19,1.8560699973572288,0.4505979132773313,4351.2998046875,131.479467154374,7.328429314450613,1.1630707679126218,3.0830303428504235,3.0364597334958887
2024-09-20,1.7070396538423984,0.4178318475126667,4329.39990234375,130.8177367243569,0.9746698136037679,1.1630707679126218,-0.5032956432962421,-0.5045664415268547
2024-09-21,1.693400483691407,0.4168215189598057,4329.39990234375,130.8177367243569,0.9746698136037679,1.1630707679126218,0.0,0.0
2024-09-22,1.6800831038011068,0.4158184841452836,4329.39990234375,130.8177367243569,0.9746698136037679,1.1630707679126218,0.0,0.0
2024-09-23,1.6670750566055523,0.4148226557314008,4326.08984375,130.71771954335568,0.9746698136037679,1.1630707679126218,-0.07645536721978541,-0.07648460924141176
2024-09-24,1.654364549432297,0.4138339478376163,4360.39990234375,131.75443694377063,0.9746698136037679,1.1630707679126218,0.79309630250326,0.7899678241226837
2024-09-25,1.6419404095609629,0.4128522760094407,4381.990234375,132.40681335508955,0.9746698136037679,1.1630707679126218,0.4951456865147863,0.4939238717758698
2024-09-26,1.63078466928979,0.5368153092437934,4420.81005859375,133.5797984474542,0.9746698136037679,1.1630707679126218,0.8858948135991751,0.8819937878895345
2024-09-27,1.6188843752754944,0.5354265442258543,4378.47998046875,132.3007470452772,1.1336462149969195,1.1630707679126218,-0.9575185896691818,-0.9621322737933369
2024-09-28,1.6072408553704105,0.5340485021285915,4378.47998046875,132.3007470452772,1.1336462149969195,1.1630707679126218,0.0,0.0
2024-09-29,1.5958450063669127,0.5326810456689728,4378.47998046875,132.3007470452772,1.1336462149969195,1.1630707679126218,0.0,0.0
2024-09-30,1.5846881705636426,0.531324040012074,4403.72021484375,133.06340940260353,1.1336462149969195,2.4476028892643997,0.5764611117919927,0.5748059326545985
2024-10-01,1.5737621081196251,0.5299773527152394,4286.7099609375,129.52781164429263,1.1336462149969195,2.4476028892643997,-2.6570773845222995,-2.693015721866665
2024-10-02,1.563058971476671,0.5286408536737746,4311.83984375,130.28713960378647,1.1336462149969195,2.4476028892643997,0.5862277373905656,0.5845161086940109
2024-10-03,1.552571281669663,0.5273144150681638,4337.83984375,131.0727591426496,1.1336462149969195,2.4476028892643997,0.6029908563901509,0.6011801418418727
2024-10-04,1.542291906362224,0.5259979113127115,4380.830078125,132.37175791593054,0.053673824403288606,2.4476028892643997,0.9910516737251296,0.9861729638345196
2024-10-05,1.5322140394611887,0.5246912190056052,4380.830078125,132.37175791593054,0.053673824403288606,2.4476028892643997,0.0,0.0
2024-10-06,1.5223311821774888,0.5233942168803242,4380.830078125,132.37175791593054,0.053673824403288606,2.4476028892643997,0.0,0.0
2024-10-07,1.5126371254137152,0.5221067857583743,4350.919921875,131.4679885636056,0.053673824403288606,2.4476028892643997,-0.6827508877678579,-0.6850922950466298
2024-10-08,1.503125933369902,0.5208288085032835,4443.06005859375,134.25210747590438,0.053673824403288606,2.4476028892643997,2.117716215724852,2.0956042403479813
2024-10-09,1.4937919282691954,0.5195601699758442,4488.10986328125,135.61333850607616,0.053673824403288606,2.4476028892643997,1.0139364333003886,1.0088305822305799
2024-10-10,1.4846296761140956,0.5183007569905262,4491.89990234375,135.72785884225135,0.053673824403288606,2.4476028892643997,0.08444621851857459,0.08441058276016378
2024-10-11,1.4756339733920931,0.5170504582730766,4490.35009765625,135.68102973286972,2.4999832812078626,2.4476028892643997,-0.034502208891418196,-0.03450816227292819
2024-10-12,1.4667998346568236,0.5158091644192158,4490.35009765625,135.68102973286972,2.4999832812078626,2.4476028892643997,0.0,0.0
2024-10-13,1.4581224809173707,0.5145767678544293,4490.35009765625,135.68102973286972,2.4999832812078626,2.4476028892643997,0.0,0.0
2024-10-14,1.449597328774345,0.5133531627948019,4551.6298828125,137.53266806194986,2.4999832812078626,2.4476028892643997,1.364699496109112,1.3554713355176773
2024-10-15,1.4412199802465853,0.5121382452088891,4470.22021484375,135.0727824539265,2.4999832812078626,2.4476028892643997,-1.788582772869185,-1.8047712343861377
2024-10-16,1.4329862132371929,0.5109319127805605,4486.2900390625,135.55835044978593,2.4999832812078626,2.4476028892643997,0.3594861874005373,0.3588415801932143
2024-10-17,1.4248919725919842,0.5097340648728057,4505.08984375,136.1264079070671,2.4999832812078626,2.4476028892643997,0.419050139955468,0.4181745700554629
2024-10-18,1.41693336170731,0.5085446024924682,4526.740234375,136.78059905702935,0.8104075612666461,2.4476028892643997,0.4805762232474864,0.47942514212397924
2024-10-19,1.4091066346478087,0.5073634282558901,4526.740234375,136.78059905702935,0.8104075612666461,2.4476028892643997,0.0,0.0
2024-10-20,1.4014081887378718,0.506190446355415,4526.740234375,136.78059905702935,0.8104075612666461,2.4476028892643997,0.0,0.0
2024-10-21,1.3938345575935192,0.5050255625267519,4568.85986328125,138.0532914969683,0.8104075612666461,2.4476028892643997,0.9304626889434342,0.9261605508024573
2024-10-22,1.3991674422932647,0.4971507590189951,4575.759765625,138.2617798853336,0.8104075612666461,2.4476028892643997,0.15102022277380112,0.15090630191654242
2024-10-23,1.4028485687599774,0.6662686209458161,4498.7900390625,135.93605215116241,0.8104075612666461,2.4476028892643997,-1.6821190469991087,-1.6964273515450046
2024-10-24,1.3953390596540574,0.6645263253710704,4508.39013671875,136.2261300086141,0.8104075612666461,2.4476028892643997,0.21339288059440964,0.21316552137502498
2024-10-25,1.3879488698509468,0.6627976270314199,4534.91015625,137.02746252841337,0.18048134975714447,2.4476028892643997,0.5882370142560767,0.5865136553190098
2024-10-26,1.380674872663462,0.6610823499826778,4534.91015625,137.02746252841337,0.18048134975714447,2.4476028892643997,0.0,0.0
2024-10-27,1.3735140549210911,0.6593803214515778,4534.91015625,137.02746252841337,0.18048134975714447,2.4476028892643997,0.0,0.0
2024-10-28,1.3664635117255617,0.6576913717626852,4531.64990234375,136.9289502526286,0.18048134975714447,2.4476028892643997,-0.07189235936144733,-0.07191821431078438
2024-10-29,1.3688110257722237,0.6886917578372581,4582.22998046875,138.45728477771405,0.18048134975714447,2.4476028892643997,1.1161514948195839,1.1099684892883488
2024-10-30,0.5142844243038518,-0.0979709630547493,4520.93994140625,136.60533661520702,0.18048134975714447,2.4476028892643997,-1.3375592085893118,-1.3465851066147394
2024-10-31,0.9781896137631132,-0.2588073193131073,4359.5498046875,131.72875027728247,0.18048134975714447,-1.0030248971622524,-3.5698358927667817,-3.63511276396693
2024-11-01,0.9748251171513266,-0.2583208102113848,4386.22998046875,132.53492210013064,-3.2785693797337867,-1.0030248971622524,0.6119938291004878,0.6101287524341359
2024-11-02,0.97149510011801,-0.2578370344717787,4386.22998046875,132.53492210013064,-3.2785693797337867,-1.0030248971622524,0.0,0.0
2024-11-03,0.9681989777433214,-0.2573559665949606,4386.22998046875,132.53492210013064,-3.2785693797337867,-1.0030248971622524,0.0,0.0
2024-11-04,0.9649361789056268,-0.2568775814134009,4381.10986328125,132.38021194229336,-3.2785693797337867,-1.0030248971622524,-0.11673161713587898,-0.11679980155516745
2024-11-05,0.9617061458657896,-0.2564018540858266,4445.0498046875,134.3122299146977,-3.2785693797337867,-1.0030248971622524,1.459446199743586,1.4488987824336164
2024-11-06,0.9254944116589396,-0.1838602551803447,4557.22998046875,137.7018813749611,-3.2785693797337867,-1.0030248971622524,2.5237102104671782,2.4923904966737354
2024-11-07,0.9225359635810524,-0.1835322843480517,4640.7900390625,140.2267434787994,-3.2785693797337867,-1.0030248971622524,1.833571247267951,1.8169640259769082
2024-11-08,0.9196057063668744,-0.1832060623853753,4624.8701171875,139.7457049525619,5.440666307543829,-1.0030248971622524,-0.3430433555708934,-0.34363309839182676
2024-11-09,0.9167031951269716,-0.1828815738045991,4624.8701171875,139.7457049525619,5.440666307543829,-1.0030248971622524,0.0,0.0
2024-11-10,0.9138279947395768,-0.1825588033093417,4624.8701171875,139.7457049525619,5.440666307543829,-1.0030248971622524,0.0,0.0
2024-11-11,0.9109796795766286,-0.1822377357915375,4583.7099609375,138.50200406899813,5.440666307543829,-1.0030248971622524,-0.889974317268627,-0.8939582435905535
2024-11-12,0.9081578332390418,-0.1819183563284679,4604.41015625,139.1274839880667,5.440666307543829,-1.0030248971622524,0.451603515250909,0.45058684630205903
2024-11-13,0.8956441819586977,-0.235571952408794,4590.08984375,138.69477947642724,5.440666307543829,-1.0030248971622524,-0.31101296396373046,-0.31149761442730295
2024-11-14,0.8613923267256567,-0.2765163473411401,4592.25,138.76005105169637,5.440666307543829,-1.0030248971622524,0.04706130650016238,0.04705023614040016
2024-11-15,0.858877219209374,-0.2760165957544545,4478.0,135.30785750111522,-3.175659282661447,-1.0030248971622524,-2.487887201262995,-2.5193581867473114
2024-11-16,0.856384014775242,-0.2755195440328368,4478.0,135.30785750111522,-3.175659282661447,-1.0030248971622524,0.0,0.0
2024-11-17,0.8539123973489811,-0.2750251679538616,4478.0,135.30785750111522,-3.175659282661447,-1.0030248971622524,0.0,0.0
2024-11-18,0.8514620572052679,-0.2745334435982643,4487.35986328125,135.59067640399357,-3.175659282661447,-1.0030248971622524,0.2090188316491659,0.20880069120607914
2024-11-19,0.8490326908046983,-0.274044347345073,4542.25,137.24924424619041,-3.175659282661447,-1.0030248971622524,1.2232167330260335,1.215795891178928
2024-11-20,-0.0254213038416778,-1.1255942570807729,4531.93994140625,136.93771411241832,-3.175659282661447,-1.0030248971622524,-0.22698131088667584,-0.22723930393535596
2024-11-21,-0.0667026859142549,-1.1558217947672649,4557.259765625,137.70278136729638,-3.175659282661447,-1.0030248971622524,0.5586972587040329,0.5571423344273185
2024-11-22,-0.0665927617557047,-1.1514065787324086,4547.33984375,137.40303965771963,1.5484556442608266,-1.0030248971622524,-0.2176729522820997,-0.21791020420423024
2024-11-23,-0.0664833792678941,-1.14704157729092,4547.33984375,137.40303965771963,1.5484556442608266,-1.0030248971622524,0.0,0.0
2024-11-24,-0.0663745340167487,-1.1427258457789533,4547.33984375,137.40303965771963,1.5484556442608266,-1.0030248971622524,0.0,0.0
2024-11-25,-0.0662662216188548,-1.1384584642270266,4531.39990234375,136.92139621860107,1.5484556442608266,-1.0030248971622524,-0.3505333217652118,-0.3511491293084035
2024-11-26,-0.0661584377407033,-1.1342385365362078,4567.66015625,138.0170409860198,1.5484556442608266,-1.0030248971622524,0.8001998209757444,0.7970151998161867
2024-11-27,-0.0660511780979637,-1.1300651896876266,4513.5,136.38053033302447,1.5484556442608266,-1.0030248971622524,-1.1857308643221098,-1.1928167212294838
2024-11-28,-0.065944438454779,-1.125937572983764,4513.5,136.38053033302447,1.5484556442608266,-1.0030248971622524,0.0,0.0
2024-11-29,-0.0658382146230482,-1.1218548573200045,4558.68017578125,137.74570067390982,0.2493838688312877,-1.0030248971622524,1.001000903539384,0.9960240740097603
2024-11-30,-0.065732502461733,-1.117816234485019,4558.68017578125,137.74570067390982,0.2493838688312877,4.567681985870187,0.0,0.0
2024-12-01,-0.0656272978762077,-1.113820916488672,4558.68017578125,137.74570067390982,0.2493838688312877,4.567681985870187,0.0,0.0
2024-12-02,-0.0655225968175618,-1.1098681349161543,4605.4599609375,139.15920502939323,0.2493838688312877,4.567681985870187,1.026169491002582,1.0209401162869725
2024-12-03,-0.0778196161667848,-1.1751423928897418,4631.39013671875,139.9427147501588,0.2493838688312877,4.567681985870187,0.5630311847499181,0.5614520886046748
2024-12-04,-0.0776960331988231,-1.1707400924177669,4713.31005859375,142.41801825966417,0.2493838688312877,4.567681985870187,1.7687976926305415,1.7533365179476235
2024-12-05,-0.0775730371420671,-1.1663868996192033,4704.68994140625,142.15755162544147,0.2493838688312877,4.567681985870187,-0.18288882081464175,-0.1830562666095048
2024-12-06,-0.0774506233656495,-1.162081908237793,4711.259765625,142.3560663282548,3.3470123799066887,4.567681985870187,0.13964414872336128,0.13954673695799613
2024-12-07,-0.0773287872896976,-1.157824235260036,4711.259765625,142.3560663282548,3.3470123799066887,4.567681985870187,0.0,0.0
2024-12-08,-0.0772075243846079,-1.1536130201543338,4711.259765625,142.3560663282548,3.3470123799066887,4.567681985870187,0.0,0.0
2024-12-09,0.0373045101787035,-1.1849456427097302,4690.02001953125,141.71428326934165,3.3470123799066887,4.567681985870187,-0.4508294416012193,-0.45184874222012894
2024-12-10,0.0372466382564515,-1.1805467759806956,4631.14013671875,139.9351607161313,3.3470123799066887,4.567681985870187,-1.2554292426748548,-1.263376339095501
2024-12-11,0.0017723443749213,-0.8048521664966216,4700.3798828125,142.02731830833017,3.3470123799066887,4.567681985870187,1.4950907130788726,1.4840243965183575
2024-12-12,0.1476838028075074,-0.4300505705654172,4678.52001953125,141.3667977040753,3.3470123799066887,4.567681985870187,-0.46506588459335196,-0.4661506806293403
2024-12-13,0.1474521874942147,-0.4292687299632484,4703.7998046875,142.1306551331911,-0.15834323108079307,4.567681985870187,0.5403372231114867,0.5388826389586043
2024-12-14,0.147221658514019,-0.4284911381206542,4703.7998046875,142.1306551331911,-0.15834323108079307,4.567681985870187,0.0,0.0
2024-12-15,0.1469922074014295,-0.4277177566947728,4703.7998046875,142.1306551331911,-0.15834323108079307,4.567681985870187,0.0,0.0
2024-12-16,0.1467638257830434,-0.4269485478254324,4751.10986328125,143.5601823030376,-0.15834323108079307,4.567681985870187,1.0057838462131041,1.000759501763504
2024-12-17,0.1465365053762193,-0.4261834741273702,4731.8798828125,142.9791265957989,-0.15834323108079307,4.567681985870187,-0.4047471227169086,-0.4055684408070803
2024-12-18,0.1463102379878658,-0.425422498682603,4590.2998046875,138.70112368469256,-0.15834323108079307,4.567681985870187,-2.9920471700741635,-3.037722290815559
2024-12-19,0.1387309202878127,-0.5276098136620961,4599.02978515625,138.96490996277498,-0.15834323108079307,4.567681985870187,0.1901832307300566,0.19000261139261454
2024-12-20,0.1236731451482834,-0.8530343028736391,4669.5400390625,141.0954573919653,-0.7283423412463019,4.567681985870187,1.533154973986628,1.5215209145274855
2024-12-21,0.1234850395471715,-0.8508300239968398,4669.5400390625,141.0954573919653,-0.7283423412463019,4.567681985870187,0.0,0.0
2024-12-22,0.1232977896634525,-0.8486427451474766,4669.5400390625,141.0954573919653,-0.7283423412463019,4.567681985870187,0.0,0.0
2024-12-23,0.1231113890287859,-0.8464722489279632,4728.39990234375,142.8739750322946,-0.7283423412463019,4.567681985870187,1.2605066620880123,1.2526284116978204
2024-12-24,0.1229258312430843,-0.8443183218130507,4777.08984375,144.34519692901958,-0.7283423412463019,4.567681985870187,1.0297339990662735,1.0244683557520062
2024-12-25,0.1227411099735734,-0.8421807540615788,4777.08984375,144.34519692901958,-0.7283423412463019,4.567681985870187,0.0,0.0
2024-12-26,0.1225572189538993,-0.8400593396307038,4780.83984375,144.45850743943254,-0.7283423412463019,4.567681985870187,0.0784996749622735,0.07846888008220532
2024-12-27,0.1223741519832196,-0.8379538760924684,4709.39990234375,142.29986844620234,0.853614337767894,4.567681985870187,-1.4942968963840841,-1.5055739957064773
2024-12-28,0.1221919029253457,-0.8358641645526631,4709.39990234375,142.29986844620234,0.853614337767894,4.567681985870187,0.0,0.0
2024-12-29,0.1220104657078643,-0.8337900095719172,4709.39990234375,142.29986844620234,0.853614337767894,4.567681985870187,0.0,0.0
2024-12-30,0.1218298343212946,-0.8317312190889108,4657.9501953125,140.7452570957203,0.853614337767894,4.567681985870187,-1.0924896610637114,-1.098501152739395
2024-12-31,0.1216500028182454,-0.829687604345685,4609.52001953125,139.28188431247705,0.853614337767894,1.1152316413881147,-1.0397315074340496,-1.0451744765198612
